article_slug,article_url,status,category,primary_app,primary_keyword,secondary_keywords,long_tail_keywords,comparison_keywords,question_keywords,intent,demand_tier_estimate,internal_links,verification_status
auto-fire-and-touch-controls,/blog/auto-fire-and-touch-controls/,published,action-arcade,zombie-survival-last-survivor,mobile game touch controls,auto fire mobile games | virtual joystick problems | thumb occlusion screen | one handed mobile games | touchscreen input design,why do virtual joysticks feel bad | what does auto fire solve in mobile games | why do mobile games hide the screen with your thumbs | what makes a mobile control scheme good,,Why do virtual joysticks feel imprecise? | What problem does auto-fire solve in mobile games? | What is thumb occlusion? | What makes a good mobile control scheme? | What does auto-fire solve? | Is removing inputs just simplification? | Does simpler control help accessibility?,informational,unverified-medium,/apps/zombie-survival-last-survivor/ | /apps/space-shooter-classic-arcade/ | /blog/horde-survival-vs-wave-shooter/ | /blog/difficulty-curves-explained/ | /blog/best-offline-arcade-games-android/ | /blog/battery-and-performance-in-mobile-games/ | /blog/category/action-arcade/,UNVERIFIED — needs Keyword Planner / Semrush / Ahrefs
battery-and-performance-in-mobile-games,/blog/battery-and-performance-in-mobile-games/,published,action-arcade,space-shooter-classic-arcade,mobile game battery drain,thermal throttling phone games | frame rate mobile games | android gaming performance | screen brightness battery | background apps battery,why do games drain phone battery so fast | what is thermal throttling on a phone | how do you improve frame rate on android games | does lowering brightness save battery while gaming,,Why do mobile games drain the battery quickly? | What is thermal throttling? | How can you improve game performance on a phone? | Does screen brightness affect battery during gaming? | Why do games drain the battery so quickly? | Is a higher frame rate always better? | What actually helps performance? | Do simple games always use less power?,informational,unverified-medium,/apps/space-shooter-classic-arcade/ | /apps/zombie-survival-last-survivor/ | /apps/regal-video-player/ | /blog/why-free-android-games-show-ads/ | /blog/best-offline-arcade-games-android/ | /blog/auto-fire-and-touch-controls/ | /blog/hardware-vs-software-decoding/ | /blog/category/action-arcade/,UNVERIFIED — needs Keyword Planner / Semrush / Ahrefs
best-offline-arcade-games-android,/blog/best-offline-arcade-games-android/,published,action-arcade,space-shooter-classic-arcade,offline arcade games android,android games that work without internet | how to test if a game works offline | airplane mode game test | do free games need internet for ads | google play data safety section | arcade games no wifi,why does my game need internet to open | how to tell if an android game works offline before installing | do rewarded ads work without a connection | games that still work on a plane android,,How do I check whether an Android game works offline? | Why do free games stop working without an internet connection? | Do ad-supported games still play in airplane mode? | What does the Data safety section on Google Play tell me? | How can I tell if an Android game works offline before installing it? | Why do free games need an internet connection? | Do ad-supported games still work in airplane mode? | Does the INTERNET permission mean a game will not work offline? | What do your own arcade games require?,informational,unverified-high,/apps/space-shooter-classic-arcade/ | /apps/zombie-survival-last-survivor/ | /blog/space-shooter-arcade-guide/ | /blog/zombie-survival-roguelike-guide/ | /blog/history-of-shoot-em-up-games/ | /blog/android-video-player-guide/ | /blog/category/action-arcade/,UNVERIFIED — needs Keyword Planner / Semrush / Ahrefs
boss-pattern-recognition,/blog/boss-pattern-recognition/,published,action-arcade,space-shooter-classic-arcade,how to beat boss patterns,boss rotation learning | telegraphed attacks games | phase transitions boss fight | pattern memorisation games | shmup boss strategy,how do you learn a boss pattern quickly | why do i keep dying at the same boss phase | what is a telegraph in a boss fight | should you attack or dodge first,,How do you learn a boss pattern? | Why do players die at the same boss phase repeatedly? | What is a telegraphed attack? | Should you prioritise damage or survival in a boss fight? | Are boss fights reflex tests? | What is a telegraph? | Why do I keep dying at the same phase? | Should I focus on damage or survival first? | How do you practise efficiently?,informational,unverified-medium,/apps/space-shooter-classic-arcade/ | /apps/zombie-survival-last-survivor/ | /blog/space-shooter-arcade-guide/ | /blog/difficulty-curves-explained/ | /blog/bullet-hell-vs-classic-shmup/ | /blog/score-attack-strategy/ | /blog/category/action-arcade/,UNVERIFIED — needs Keyword Planner / Semrush / Ahrefs
bullet-hell-vs-classic-shmup,/blog/bullet-hell-vs-classic-shmup/,published,action-arcade,space-shooter-classic-arcade,bullet hell vs shmup,danmaku explained | what is bullet hell | shmup hitbox size | bullet hell dodging technique | classic shoot em up design | arcade shooter subgenres,is bullet hell harder than a normal shmup | why is my hitbox so small in bullet hell | what does streaming mean in bullet hell | how to start playing danmaku games,,What is the difference between bullet hell and a normal shoot 'em up? | Why is the hitbox smaller than the ship in bullet hell games? | Is bullet hell harder than a classic arcade shooter? | What does streaming mean in a bullet hell game? | What is the difference between bullet hell and a classic shoot 'em up? | Why is the hitbox smaller than the ship? | Is bullet hell harder than a classic shooter? | What does streaming mean? | Which one should I start with?,informational,unverified-medium,/apps/space-shooter-classic-arcade/ | /apps/zombie-survival-last-survivor/ | /blog/space-shooter-arcade-guide/ | /blog/zombie-survival-roguelike-guide/ | /blog/category/action-arcade/,UNVERIFIED — needs Keyword Planner / Semrush / Ahrefs
difficulty-curves-explained,/blog/difficulty-curves-explained/,published,action-arcade,space-shooter-classic-arcade,difficulty curve game design,arcade difficulty escalation | why are arcade games hard | dynamic difficulty adjustment | endless mode design | fair difficulty games,why do arcade games get hard so quickly | what makes difficulty feel fair | how do endless modes scale difficulty | what is dynamic difficulty adjustment,,How do arcade games escalate difficulty? | Why were classic arcade games so hard? | What makes a difficulty increase feel fair? | How do endless modes scale? | What levers does a designer have? | What makes difficulty feel fair? | What is dynamic difficulty adjustment? | How do endless modes work?,informational,unverified-medium,/apps/space-shooter-classic-arcade/ | /apps/zombie-survival-last-survivor/ | /blog/wave-survival-game-design/ | /blog/history-of-shoot-em-up-games/ | /blog/boss-pattern-recognition/ | /blog/score-attack-strategy/ | /blog/category/action-arcade/,UNVERIFIED — needs Keyword Planner / Semrush / Ahrefs
history-of-shoot-em-up-games,/blog/history-of-shoot-em-up-games/,published,action-arcade,space-shooter-classic-arcade,history of shoot em up games,shmup history | history of arcade shooters | danmaku origins | space invaders history | scrolling shooter genre | shoot em up genre explained,what was the first shoot em up game | how did bullet hell games start | why do shoot em ups scroll | difference between shmup and stg,,What was the first shoot 'em up game? | How did bullet hell games develop from earlier shooters? | Why do shoot 'em ups scroll automatically? | What does STG mean in Japanese arcade games? | What was the first shoot 'em up? | What is the difference between a shmup and an STG? | Why do shoot 'em ups scroll on their own? | How did bullet hell games come about? | Is the genre still being made?,informational,unverified-medium,/apps/space-shooter-classic-arcade/ | /apps/zombie-survival-last-survivor/ | /blog/space-shooter-arcade-guide/ | /blog/bullet-hell-vs-classic-shmup/ | /blog/best-offline-arcade-games-android/ | /blog/what-makes-a-roguelike/ | /blog/category/action-arcade/,UNVERIFIED — needs Keyword Planner / Semrush / Ahrefs
horde-survival-vs-wave-shooter,/blog/horde-survival-vs-wave-shooter/,published,action-arcade,zombie-survival-last-survivor,horde survival games,wave shooter meaning | survivor-like games | continuous vs wave escalation | arcade survival structure | mid run upgrades,what is the difference between horde survival and wave shooters | what is a survivor-like game | why do horde games feel relentless | which arcade structure suits short sessions,,What is the difference between horde survival and wave shooter games? | What is a survivor-like? | Why do horde survival games feel relentless? | Which structure is better for short sessions? | What is the difference between a wave shooter and a horde survival game? | Why does the pause matter? | Which rewards pattern learning more? | Which suits short sessions better?,informational,unverified-medium,/apps/zombie-survival-last-survivor/ | /apps/space-shooter-classic-arcade/ | /blog/wave-survival-game-design/ | /blog/zombie-survival-roguelike-guide/ | /blog/power-ups-and-build-design/ | /blog/difficulty-curves-explained/ | /blog/category/action-arcade/,UNVERIFIED — needs Keyword Planner / Semrush / Ahrefs
power-ups-and-build-design,/blog/power-ups-and-build-design/,published,action-arcade,zombie-survival-last-survivor,power up design games,upgrade choice design | build variety roguelite | synergy game design | meaningful choices upgrades | level up systems,what makes an upgrade choice interesting | why do some builds feel better than others | how do synergies work in roguelites | should you take damage or survivability upgrades,,What makes a power-up choice interesting? | How do build synergies work? | Should you take damage or survivability upgrades? | Why do some upgrade systems feel meaningless? | What makes an upgrade choice interesting? | What is a synergy? | Should I take damage or survivability? | Why do survivability upgrades feel worse? | How do you tell a build problem from an execution problem?,informational,unverified-medium,/apps/zombie-survival-last-survivor/ | /apps/space-shooter-classic-arcade/ | /blog/zombie-survival-roguelike-guide/ | /blog/what-makes-a-roguelike/ | /blog/difficulty-curves-explained/ | /blog/horde-survival-vs-wave-shooter/ | /blog/category/action-arcade/,UNVERIFIED — needs Keyword Planner / Semrush / Ahrefs
score-attack-strategy,/blog/score-attack-strategy/,published,action-arcade,space-shooter-classic-arcade,score attack strategy,high score arcade tips | multiplier chains | risk reward scoring | survival vs scoring play | endless mode scoring,how do you get a higher score in arcade games | how do multipliers work in shooters | is it better to survive or to score | when should you take a risk for points,,How do you improve at score attack games? | How do scoring multipliers work? | Is surviving longer the same as scoring higher? | When is a risk worth taking for points? | How do multipliers change strategy? | When should you take a risk? | What produces the biggest scoring gains? | Is playing safe a valid strategy?,informational,unverified-medium,/apps/space-shooter-classic-arcade/ | /apps/zombie-survival-last-survivor/ | /blog/space-shooter-arcade-guide/ | /blog/boss-pattern-recognition/ | /blog/difficulty-curves-explained/ | /blog/history-of-shoot-em-up-games/ | /blog/category/action-arcade/,UNVERIFIED — needs Keyword Planner / Semrush / Ahrefs
space-shooter-arcade-guide,/blog/space-shooter-arcade-guide/,published,action-arcade,space-shooter-classic-arcade,space shooter arcade game android,bullet hell android | shmup tips for beginners | arcade space shooter free | how to dodge bullet patterns | wave based shooter android | endless mode arcade game,how to get better at bullet hell games | best free space shooter game for android | why do bullet hell games feel unfair | when to use ultimate in an arcade shooter,,How do you get better at bullet hell shooters? | What is the difference between aimed and fixed bullet patterns? | Is there a free space shooter arcade game on Android? | Why do some arcade shooters feel unfair? | What is the difference between an aimed shot and a fixed pattern? | Is Space Shooter - Galaxy Arcade free? | What do the four ability buttons do? | Should I upgrade weapons or ship systems first? | What is Endless Mode and how is it different?,informational,unverified-medium,/apps/space-shooter-classic-arcade/ | /apps/zombie-survival-last-survivor/ | /blog/zombie-survival-roguelike-guide/ | /blog/anime-trivia-quiz-guide/ | /blog/anime-coloring-app-guide/ | /blog/category/action-arcade/,UNVERIFIED — needs Keyword Planner / Semrush / Ahrefs
wave-survival-game-design,/blog/wave-survival-game-design/,published,action-arcade,zombie-survival-last-survivor,wave survival games,horde mode design | wave based game design | difficulty escalation curve | enemy spawn design | endless mode games | survival game pacing,why do wave based games get boring | how do horde modes scale difficulty | what makes an endless mode work | why do enemies spawn behind you,,How do wave-based games scale difficulty? | Why is there a pause between waves in horde modes? | What is the difference between wave-based and continuous spawning? | Why do horde games get boring after a while? | Why do wave-based games pause between waves? | How do horde games scale difficulty? | Why do enemies spawn behind me? | What is the difference between waves and continuous spawning? | Why does a horde game stop being interesting?,informational,unverified-medium,/apps/zombie-survival-last-survivor/ | /apps/space-shooter-classic-arcade/ | /blog/zombie-survival-roguelike-guide/ | /blog/what-makes-a-roguelike/ | /blog/space-shooter-arcade-guide/ | /blog/bullet-hell-vs-classic-shmup/ | /blog/category/action-arcade/,UNVERIFIED — needs Keyword Planner / Semrush / Ahrefs
what-makes-a-roguelike,/blog/what-makes-a-roguelike/,published,action-arcade,zombie-survival-last-survivor,what is a roguelike,roguelike vs roguelite | berlin interpretation roguelike | roguelike definition | permadeath meaning | procedural generation games | run based games explained,what is the difference between a roguelike and a roguelite | is vampire survivors a roguelike | what are the berlin interpretation factors | does a roguelike have to be turn based,,What is a roguelike game? | What is the difference between a roguelike and a roguelite? | What is the Berlin Interpretation? | Does a game need permadeath to be a roguelike? | What is a roguelike? | Does a roguelike have to be turn-based? | Is a horde survival game a roguelike?,informational,unverified-high,/apps/zombie-survival-last-survivor/ | /apps/space-shooter-classic-arcade/ | /blog/zombie-survival-roguelike-guide/ | /blog/wave-survival-game-design/ | /blog/history-of-shoot-em-up-games/ | /blog/space-shooter-arcade-guide/ | /blog/category/action-arcade/,UNVERIFIED — needs Keyword Planner / Semrush / Ahrefs
why-free-android-games-show-ads,/blog/why-free-android-games-show-ads/,published,action-arcade,space-shooter-classic-arcade,why do free apps have ads,free app business model | rewarded ads explained | interstitial ads android | google play ads policy | in app purchases vs ads,how do free android games make money | what is a rewarded ad | are ads in games tracking me | what does contains ads mean on google play,,Why do free Android games show ads? | What is a rewarded ad? | What does 'Contains ads' mean on Google Play? | How do free apps make money? | Why do free games show ads? | What does 'Contains ads' mean on a Play listing? | Do ads collect data about me? | Is paying to remove ads better?,informational,unverified-medium,/apps/space-shooter-classic-arcade/ | /apps/zombie-survival-last-survivor/ | /blog/google-play-data-safety-explained/ | /blog/android-app-permissions-explained/ | /blog/best-offline-arcade-games-android/ | /blog/battery-and-performance-in-mobile-games/ | /blog/category/action-arcade/,UNVERIFIED — needs Keyword Planner / Semrush / Ahrefs
zombie-survival-roguelike-guide,/blog/zombie-survival-roguelike-guide/,published,action-arcade,zombie-survival-last-survivor,zombie survival roguelike android,horde survival game android | auto shooter roguelike | zombie game no in app purchases | roguelike upgrade choices | free zombie survival game android | survival roguelike tips,why are roguelike games so replayable | best free zombie survival game for android | how do auto shooter games work | should i take damage or survivability upgrades,,"What makes a roguelike replayable? | What is an auto-shooter or horde survival game? | Is there a free zombie survival roguelike game on Android? | Should I take damage or survivability upgrades in a survival roguelike? | Do I have to aim in Zombie Survival: Last Survivor? | How do the upgrades work? | Should I take damage or survivability first? | Is Zombie Survival: Last Survivor free, and does it have in-app purchases? | How long does a run take?",informational,unverified-medium,/apps/zombie-survival-last-survivor/ | /apps/space-shooter-classic-arcade/ | /blog/space-shooter-arcade-guide/ | /blog/anime-trivia-quiz-guide/ | /blog/anime-coloring-app-guide/ | /blog/category/action-arcade/,UNVERIFIED — needs Keyword Planner / Semrush / Ahrefs
anime-art-styles-explained,/blog/anime-art-styles-explained/,published,anime-creative,anime-coloring-book,anime art styles,anime style differences | manga art style | cel shading anime | anime eye styles | line weight anime,what makes different anime styles look different | is shonen a style or a demographic | why do anime eyes vary so much | what is cel shading in anime,,What are the main anime art styles? | Is shōnen an art style or a demographic category? | Why do anime characters' eyes vary so much? | What is cel shading? | Is shōnen an art style? | What actually varies between anime styles? | Why do eyes vary so much? | How does this help if I am colouring rather than drawing?,informational,unverified-medium,/apps/anime-coloring-book/ | /apps/anime-trivia-word-games/ | /blog/anime-genres-explained/ | /blog/color-palettes-for-anime-art/ | /blog/anime-coloring-app-guide/ | /blog/line-art-and-flats-explained/ | /blog/category/anime-creative/,UNVERIFIED — needs Keyword Planner / Semrush / Ahrefs
anime-coloring-app-guide,/blog/anime-coloring-app-guide/,published,anime-creative,anime-coloring-book,anime coloring app android,digital coloring book app | anime line art coloring | coloring app no account | free coloring app android | manga style coloring pages | relaxing coloring game,is digital coloring as good as paper coloring | how to color anime hair digitally | free anime coloring app for android | coloring app that saves your progress,,How is digital coloring different from a paper coloring book? | How do you color anime hair so it looks right? | Is there a free anime coloring app for Android that saves progress? | Do you need drawing skill to use a coloring app? | How is a digital coloring app different from a paper coloring book? | Do I need any drawing experience? | How do you colour anime hair so it looks right? | What happens if I stop halfway through a page? | Is Anime Coloring Book: Paint Art free? | Is the artwork based on existing anime series?,informational,unverified-medium,/apps/anime-coloring-book/ | /apps/anime-trivia-word-games/ | /blog/anime-trivia-quiz-guide/ | /blog/space-shooter-arcade-guide/ | /blog/zombie-survival-roguelike-guide/ | /blog/category/anime-creative/,UNVERIFIED — needs Keyword Planner / Semrush / Ahrefs
anime-genres-explained,/blog/anime-genres-explained/,published,anime-creative,anime-trivia-word-games,anime genres explained,shonen vs seinen | what does shojo mean | isekai meaning | mecha anime explained | slice of life anime meaning | josei demographic manga,is shonen a genre or a demographic | what is the difference between shojo and josei | what does isekai actually mean | difference between super robot and real robot,,Is shōnen a genre or a demographic? | What is the difference between shōjo and josei? | What does isekai mean? | What is the difference between super robot and real robot mecha? | Is shōnen a genre? | What is slice of life? | Do I need to know these terms to enjoy anime?,informational,unverified-high,/apps/anime-trivia-word-games/ | /apps/anime-coloring-book/ | /blog/anime-trivia-quiz-guide/ | /blog/anime-coloring-app-guide/ | /blog/color-theory-for-beginners/ | /blog/category/anime-creative/,UNVERIFIED — needs Keyword Planner / Semrush / Ahrefs
anime-terminology-glossary,/blog/anime-terminology-glossary/,published,anime-creative,anime-trivia-word-games,anime terms glossary,anime vocabulary explained | what does ova mean | seinen josei meaning | anime production terms | manga terminology,what does ova stand for in anime | what is the difference between shonen and seinen | what does cour mean in anime | what is a light novel adaptation,,What do the main anime terms mean? | What is an OVA? | What is the difference between shōnen and seinen? | What does 'cour' mean in anime scheduling? | What does 'cour' mean? | Why does the source material matter? | Is a glossary definitive?,informational,unverified-medium,/apps/anime-trivia-word-games/ | /apps/anime-coloring-book/ | /blog/anime-genres-explained/ | /blog/anime-art-styles-explained/ | /blog/word-game-strategy-guide/ | /blog/anime-trivia-quiz-guide/ | /blog/category/anime-creative/,UNVERIFIED — needs Keyword Planner / Semrush / Ahrefs
anime-trivia-quiz-guide,/blog/anime-trivia-quiz-guide/,published,anime-creative,anime-trivia-word-games,anime trivia quiz game,anime quiz app android | anime word puzzle game | daily anime challenge | free anime trivia game | survival mode quiz | test your anime knowledge,what makes a good trivia question | best free anime quiz app for android | how to get better at trivia games | anime quiz with daily challenges,,What makes a trivia question good rather than just hard? | How should quiz difficulty scale as you improve? | Is there a free anime trivia app for Android with daily challenges? | What is the difference between recall and recognition in a quiz? | How should a quiz get harder as you improve? | What are the word games in Anime Trivia & Word Games? | Do I need to have watched a lot of anime to enjoy it? | Is there something new to do every day? | Is the app connected to any anime studio or publisher?,informational,unverified-medium,/apps/anime-trivia-word-games/ | /apps/anime-coloring-book/ | /blog/anime-coloring-app-guide/ | /blog/space-shooter-arcade-guide/ | /blog/zombie-survival-roguelike-guide/ | /blog/category/anime-creative/,UNVERIFIED — needs Keyword Planner / Semrush / Ahrefs
color-palettes-for-anime-art,/blog/color-palettes-for-anime-art/,published,anime-creative,anime-coloring-book,anime color palette,limited palette illustration | value structure colouring | skin tone anime | colour harmony practice | palette for character art,how many colours should a palette have | why does my colouring look muddy | how do you pick colours that work together | should you pick colours before or after shading,,How do you choose a colour palette for anime art? | Why does digital colouring look muddy? | How many colours should a palette contain? | Does value matter more than hue? | How many colours should a palette have? | Why does my colouring look muddy? | Is value more important than hue? | How do you decide where to start? | Should I check for colour-vision differences?,informational,unverified-medium,/apps/anime-coloring-book/ | /blog/color-theory-for-beginners/ | /blog/anime-art-styles-explained/ | /blog/line-art-and-flats-explained/ | /blog/digital-coloring-techniques/ | /blog/category/anime-creative/,UNVERIFIED — needs Keyword Planner / Semrush / Ahrefs
color-theory-for-beginners,/blog/color-theory-for-beginners/,published,anime-creative,anime-coloring-book,color theory for beginners,hue saturation value explained | complementary color scheme | additive vs subtractive color | how to choose a color palette | warm and cool colors | color wheel explained,why do my colors look muddy | what is the difference between value and saturation | how do i pick colors that go together | why are the primary colors different on a screen,,"What are hue, saturation and value? | Why are the primary colours different for light and paint? | What is a complementary colour scheme? | Why do my colours look muddy when I mix them? | Why are the primary colours different on a screen and on paper? | Why do my colours look muddy? | Is there an easy way to practise this?",informational,unverified-high,/apps/anime-coloring-book/ | /apps/anime-trivia-word-games/ | /blog/anime-coloring-app-guide/ | /blog/anime-genres-explained/ | /blog/anime-trivia-quiz-guide/ | /blog/category/anime-creative/,UNVERIFIED — needs Keyword Planner / Semrush / Ahrefs
digital-coloring-techniques,/blog/digital-coloring-techniques/,published,anime-creative,anime-coloring-book,digital coloring techniques,cel shading vs soft shading | why does fill leave a white outline | how to shade anime art | flat colors then shading | rim light technique | coloring app tips,why is there a white line around my fill | how do i shade without a soft brush | what order should i color a picture in | how to fix a muddy looking colored page,,Why does the paint bucket leave a light outline around a shape? | What is the difference between cel shading and soft shading? | In what order should I colour a drawing? | How do I fix a picture where all the colours look muddy? | Why does the fill tool leave a light outline around shapes? | Why did my fill leak into the whole picture? | What order should I colour a picture in? | Can I do this on a phone?,informational,unverified-medium,/apps/anime-coloring-book/ | /apps/anime-trivia-word-games/ | /blog/anime-coloring-app-guide/ | /blog/color-theory-for-beginners/ | /blog/anime-genres-explained/ | /blog/category/anime-creative/,UNVERIFIED — needs Keyword Planner / Semrush / Ahrefs
how-quiz-difficulty-works,/blog/how-quiz-difficulty-works/,published,anime-creative,anime-trivia-word-games,how quiz difficulty works,multiple choice distractors | trivia question design | quiz game difficulty curve | fair vs unfair questions | recall vs recognition,what makes a quiz question hard | why are some multiple choice questions easy to guess | what is a distractor in a quiz | how should quiz difficulty increase,,What makes a quiz question difficult? | What is a distractor in a multiple-choice question? | Why are some multiple-choice questions easy to guess? | What makes a hard question unfair? | What makes a quiz question hard? | What is a distractor? | Why is an open-answer question harder?,informational,unverified-medium,/apps/anime-trivia-word-games/ | /apps/mental-math-memory-games/ | /blog/anime-trivia-quiz-guide/ | /blog/word-game-strategy-guide/ | /blog/memory-techniques-that-work/ | /blog/anime-terminology-glossary/ | /blog/category/anime-creative/,UNVERIFIED — needs Keyword Planner / Semrush / Ahrefs
line-art-and-flats-explained,/blog/line-art-and-flats-explained/,published,anime-creative,anime-coloring-book,what are flats in coloring,line art colouring workflow | flatting comics | base colours illustration | colouring order of operations | digital colouring stages,what does flatting mean in comics | why do you do flats before shading | how do you fix gaps in line art | what order should you colour in,,What are flats in digital colouring? | Why do colourists do flats before shading? | How do you fix gaps in line art before filling? | What order should you colour an illustration in? | What are flats? | Why separate flats from shading? | Why does my fill escape into other areas? | What order should I work in? | How do I know if my flats are working?,informational,unverified-medium,/apps/anime-coloring-book/ | /blog/digital-coloring-techniques/ | /blog/color-palettes-for-anime-art/ | /blog/anime-coloring-app-guide/ | /blog/anime-art-styles-explained/ | /blog/category/anime-creative/,UNVERIFIED — needs Keyword Planner / Semrush / Ahrefs
word-game-strategy-guide,/blog/word-game-strategy-guide/,published,anime-creative,anime-trivia-word-games,word game strategy,letter frequency english | word puzzle technique | anagram solving strategy | common letter patterns | vocabulary puzzle tips,how do you get better at word games | which letters are most common in english | how to solve an anagram systematically | what are the most useful letter patterns,,How do you get better at word games? | Which letters are most common in English? | How do you solve anagrams systematically? | What letter patterns are most useful in word puzzles? | How does that help in a word game? | How do you solve an anagram systematically? | Are short words easier? | Does vocabulary size matter more than technique?,informational,unverified-medium,/apps/anime-trivia-word-games/ | /apps/mental-math-memory-games/ | /blog/anime-trivia-quiz-guide/ | /blog/how-quiz-difficulty-works/ | /blog/memory-techniques-that-work/ | /blog/anime-terminology-glossary/ | /blog/category/anime-creative/,UNVERIFIED — needs Keyword Planner / Semrush / Ahrefs
bce-and-ce-explained,/blog/bce-and-ce-explained/,published,education-brain,world-history-timeline-sim,what does bce and ce mean,bce vs bc | common era meaning | no year zero | how centuries are counted | historical dating notation,what is the difference between bce and bc | why is there no year zero | how do you calculate years across bce and ce | why does the 20th century start in 1901,,What do BCE and CE mean? | What is the difference between BCE and BC? | Why is there no year zero? | Why does the 20th century start in 1901? | What do BCE and CE stand for? | Why did academic writing move to BCE and CE? | How do you calculate a span across the boundary? | Why does the twentieth century start in 1901?,informational,unverified-medium,/apps/world-history-timeline-sim/ | /blog/how-historians-date-events/ | /blog/major-eras-of-world-history/ | /blog/how-calendars-and-dating-systems-work/ | /blog/primary-vs-secondary-sources/ | /blog/category/education-brain/,UNVERIFIED — needs Keyword Planner / Semrush / Ahrefs
building-a-daily-practice-habit,/blog/building-a-daily-practice-habit/,published,education-brain,mental-math-memory-games,how to build a study habit,daily practice routine | consistency over intensity | study streak motivation | minimum viable practice | habit stacking study,how long should a daily practice session be | how do you keep a study habit going | do streaks actually help | what to do after missing a day,,How do you build a daily practice habit? | Is short daily practice better than long weekly sessions? | Do streaks help with learning habits? | What should you do after breaking a study streak? | Is daily practice really better than one long session? | How long should a session be? | Do streaks help? | What should I do after missing a day? | How do I remember to do it?,informational,unverified-medium,/apps/mental-math-memory-games/ | /apps/learn-italian/ | /apps/protein-diet-tracker/ | /blog/memory-techniques-that-work/ | /blog/spaced-repetition-for-language-learning/ | /blog/language-learning-plateau/ | /blog/estimation-techniques-explained/ | /blog/category/education-brain/,UNVERIFIED — needs Keyword Planner / Semrush / Ahrefs
estimation-techniques-explained,/blog/estimation-techniques-explained/,published,education-brain,mental-math-memory-games,estimation techniques math,how to estimate quickly | front end estimation | compatible numbers | order of magnitude estimate | sanity check arithmetic,how do you estimate a total in your head | what is front end estimation | how do you check if an answer is reasonable | when is estimating better than calculating,,What are the main estimation techniques in mental math? | What is front-end estimation? | How do you sanity-check a calculation? | When is estimating more useful than exact calculation? | How is estimation different from calculation? | What are compatible numbers? | How do you know whether your estimate is high or low? | What is the most valuable use of estimation?,informational,unverified-medium,/apps/mental-math-memory-games/ | /blog/mental-math-tricks-that-work/ | /blog/percentages-in-your-head/ | /blog/multiplication-shortcuts-explained/ | /blog/mental-math-training-guide/ | /blog/category/education-brain/,UNVERIFIED — needs Keyword Planner / Semrush / Ahrefs
how-calendars-and-dating-systems-work,/blog/how-calendars-and-dating-systems-work/,published,education-brain,world-history-timeline-sim,how calendar systems work,julian vs gregorian calendar | why do we have leap years | lunar calendar explained | calendar reform dates | old style new style dates,why do leap years exist | when did countries switch to the gregorian calendar | what is the difference between a lunar and solar calendar | what do old style and new style dates mean,,Why do calendars need leap years? | What is the difference between the Julian and Gregorian calendars? | Why did different countries adopt the Gregorian calendar at different times? | What do 'Old Style' and 'New Style' dates mean? | Why do we need leap years? | Why did countries adopt the Gregorian calendar at different times? | What do 'Old Style' and 'New Style' mean? | How do lunar calendars differ?,informational,unverified-medium,/apps/world-history-timeline-sim/ | /blog/bce-and-ce-explained/ | /blog/how-historians-date-events/ | /blog/primary-vs-secondary-sources/ | /blog/major-eras-of-world-history/ | /blog/category/education-brain/,UNVERIFIED — needs Keyword Planner / Semrush / Ahrefs
how-historians-date-events,/blog/how-historians-date-events/,published,education-brain,world-history-timeline-sim,how historians date events,relative vs absolute dating | how radiocarbon dating works | dendrochronology tree ring dating | why do historical dates change | what does circa mean in history,how do archaeologists know how old something is | what does calibrated radiocarbon date mean | why is a radiocarbon date given as a range | how accurate are ancient historical dates,,How do historians know when something happened? | What is the difference between relative and absolute dating? | How does radiocarbon dating actually work? | Why do historical dates get revised? | How does radiocarbon dating work? | Why is a radiocarbon date given as a range instead of a year? | How precise can tree-ring dating be? | Why do historians write 'circa' or 'conventionally dated to'? | Does World History Timeline Sim show how its dates were established?,informational,unverified-medium,/apps/world-history-timeline-sim/ | /blog/world-history-timeline-guide/ | /blog/mental-math-tricks-that-work/ | /blog/mental-math-training-guide/ | /blog/category/education-brain/,UNVERIFIED — needs Keyword Planner / Semrush / Ahrefs
major-eras-of-world-history,/blog/major-eras-of-world-history/,published,education-brain,world-history-timeline-sim,eras of world history explained,historical periods in order | what is periodisation in history | stone bronze iron age order | when did the middle ages start and end | prehistory vs history,why do historians disagree about when the middle ages ended | are the bronze age dates the same everywhere | what separates prehistory from history | list of world history eras in chronological order,,"What are the major eras of world history in order? | Why do historical period dates differ between sources? | What is the difference between prehistory and history? | Do the Stone, Bronze and Iron Ages happen at the same time everywhere? | What is periodisation? | Why do sources disagree about when the Middle Ages ended? | Do the Bronze Age and Iron Age happen at the same time everywhere? | What separates prehistory from history? | How does World History Timeline Sim handle eras?",informational,unverified-medium,/apps/world-history-timeline-sim/ | /blog/how-historians-date-events/ | /blog/world-history-timeline-guide/ | /blog/mental-math-training-guide/ | /blog/category/education-brain/,UNVERIFIED — needs Keyword Planner / Semrush / Ahrefs
memory-techniques-that-work,/blog/memory-techniques-that-work/,published,education-brain,mental-math-memory-games,memory techniques,method of loci | chunking memory | mnemonic techniques | retrieval practice | how to remember things better,does the memory palace technique work | what is chunking in memory | how do you remember a list of things | do memory techniques improve general memory,,Which memory techniques actually work? | How does the method of loci work? | What is chunking? | Do memory techniques improve general memory ability? | What is the best-supported memory technique? | Does the method of loci work? | Do memory techniques improve general memory? | Why does re-reading feel effective when it is not?,informational,unverified-medium,/apps/mental-math-memory-games/ | /blog/working-memory-and-training/ | /blog/spaced-repetition-for-language-learning/ | /blog/building-a-daily-practice-habit/ | /blog/estimation-techniques-explained/ | /blog/category/education-brain/,UNVERIFIED — needs Keyword Planner / Semrush / Ahrefs
mental-math-training-guide,/blog/mental-math-training-guide/,published,education-brain,mental-math-memory-games,mental math practice app,mental math tricks that work | how to multiply in your head | casting out nines check | percentage shortcuts mental math | arithmetic drills for adults | math practice app free,how to multiply two digit numbers in your head | fastest way to calculate percentages mentally | how to check arithmetic without a calculator | does brain training actually work,,What are the most useful mental math techniques? | How do you multiply by 11 in your head? | How can I check an arithmetic answer without a calculator? | Does mental math practice make you smarter? | What is the single most useful mental math technique? | How long should a practice session be? | Do the multiplication shortcuts always work? | Is Mental Math & Memory Games free?,informational,unverified-medium,/apps/mental-math-memory-games/ | /blog/world-history-timeline-guide/ | /blog/category/education-brain/,UNVERIFIED — needs Keyword Planner / Semrush / Ahrefs
mental-math-tricks-that-work,/blog/mental-math-tricks-that-work/,published,education-brain,mental-math-memory-games,mental math tricks,fast multiplication tricks | how to calculate percentages in your head | estimate square root mentally | divisibility rule for 7 | convert miles to kilometers in your head,how to multiply two numbers close to 100 in your head | how to reverse a percentage increase mentally | quick way to convert celsius to fahrenheit accurately | why does a 20 percent drop then a 20 percent rise not cancel,,What are the most useful mental math tricks? | How do I multiply numbers near 100 in my head? | How do I work out the original price before a discount? | How can I estimate a square root without a calculator? | What is the fastest way to multiply two numbers near 100? | How do I find the original price before a discount? | Why does a 20% drop followed by a 20% rise not get you back to where you started? | How do I estimate a square root in my head? | Is there a divisibility test for 7? | Does practising tricks make you better at maths generally?,informational,unverified-high,/apps/mental-math-memory-games/ | /blog/mental-math-training-guide/ | /blog/spaced-repetition-for-language-learning/ | /blog/world-history-timeline-guide/ | /blog/category/education-brain/,UNVERIFIED — needs Keyword Planner / Semrush / Ahrefs
multiplication-shortcuts-explained,/blog/multiplication-shortcuts-explained/,published,education-brain,mental-math-memory-games,multiplication shortcuts,multiply by 11 trick | doubling and halving | difference of squares mental math | multiply numbers near 100 | fast multiplication methods,why does the multiply by 11 trick work | how do you multiply two digit numbers in your head | what is the doubling and halving method | how to square numbers ending in 5,,What are the useful multiplication shortcuts? | Why does the multiply-by-11 trick work? | How do you multiply two-digit numbers mentally? | How do you square a number ending in 5? | Why do multiplication shortcuts work? | What is doubling and halving? | Do I need to memorise all of these?,informational,unverified-medium,/apps/mental-math-memory-games/ | /blog/mental-math-tricks-that-work/ | /blog/estimation-techniques-explained/ | /blog/percentages-in-your-head/ | /blog/mental-math-training-guide/ | /blog/category/education-brain/,UNVERIFIED — needs Keyword Planner / Semrush / Ahrefs
percentages-in-your-head,/blog/percentages-in-your-head/,published,education-brain,mental-math-memory-games,how to calculate percentages mentally,percentage mental math | how to work out a tip | discount calculation in your head | percentage change explained | percentage points vs percent,how do you work out 15 percent in your head | why is 8 percent of 25 the same as 25 percent of 8 | how do you calculate a discount quickly | what is the difference between percent and percentage points,,How do you calculate percentages in your head? | How do you work out a tip quickly? | Why is x% of y the same as y% of x? | What is the difference between percent and percentage points? | What is the fastest way to calculate a percentage mentally? | Why is 8% of 25 the same as 25% of 8? | How do you calculate a discount quickly? | Do percentage changes add up?,informational,unverified-medium,/apps/mental-math-memory-games/ | /apps/protein-diet-tracker/ | /blog/mental-math-tricks-that-work/ | /blog/estimation-techniques-explained/ | /blog/multiplication-shortcuts-explained/ | /blog/mental-math-training-guide/ | /blog/category/education-brain/,UNVERIFIED — needs Keyword Planner / Semrush / Ahrefs
primary-vs-secondary-sources,/blog/primary-vs-secondary-sources/,published,education-brain,world-history-timeline-sim,primary vs secondary sources,what is a primary source | secondary source examples | tertiary sources | evaluating historical sources | source criticism,what makes a source primary | can a source be both primary and secondary | how do you evaluate a historical source | what is a tertiary source,,What is the difference between a primary and a secondary source? | What makes a source primary? | Can the same document be both primary and secondary? | How do you evaluate a historical source? | What is a primary source? | What is a secondary source? | Can something be both? | Does primary mean more reliable? | What is a tertiary source?,informational,unverified-medium,/apps/world-history-timeline-sim/ | /blog/how-historians-date-events/ | /blog/bce-and-ce-explained/ | /blog/major-eras-of-world-history/ | /blog/how-calendars-and-dating-systems-work/ | /blog/category/education-brain/,UNVERIFIED — needs Keyword Planner / Semrush / Ahrefs
working-memory-and-training,/blog/working-memory-and-training/,published,education-brain,mental-math-memory-games,what is working memory,working memory capacity limit | does brain training work | near transfer vs far transfer | chunking memory technique | miller magical number seven,how many things can you hold in working memory at once | why do researchers disagree about brain training | does working memory training improve intelligence | difference between working memory and short term memory,,What is working memory? | How many items can working memory hold? | Does brain training actually work? | What is the difference between near transfer and far transfer? | How many things can working memory hold? | Will a brain-training app make me smarter or prevent cognitive decline? | What does Mental Math & Memory Games claim to do?,informational,unverified-medium,/apps/mental-math-memory-games/ | /blog/mental-math-training-guide/ | /blog/mental-math-tricks-that-work/ | /blog/world-history-timeline-guide/ | /blog/category/education-brain/,UNVERIFIED — needs Keyword Planner / Semrush / Ahrefs
world-history-timeline-guide,/blog/world-history-timeline-guide/,published,education-brain,world-history-timeline-sim,interactive world history timeline app,world history timeline for students | history app for android | how to study world history | alternate history what if scenarios | history quiz app free | how to check a historical date,best way to learn world history chronology | why do historical dates disagree between sources | difference between historical fact and interpretation | free primary source archives online,,How do I learn world history in chronological order? | Is a history timeline app good for studying? | How can I tell whether a historical claim is fact or interpretation? | Where can I check a historical date for free? | Is a timeline app enough to learn world history? | How do I tell documented fact from historical interpretation? | Why do two sources give different dates for the same event? | Are alternate-history what-if scenarios actually educational? | Is World History Timeline Sim suitable for students?,informational,unverified-medium,/apps/world-history-timeline-sim/ | /blog/mental-math-training-guide/ | /blog/category/education-brain/,UNVERIFIED — needs Keyword Planner / Semrush / Ahrefs
added-sugars-vs-total-sugars,/blog/added-sugars-vs-total-sugars/,published,health-nutrition,keto-diet-tracker,added sugar vs total sugar,what counts as added sugar | nutrition label sugars line | naturally occurring sugars | daily value added sugars | sugar in fruit and milk,what is the difference between total sugars and added sugars | is fruit sugar counted as added sugar | does honey count as added sugar | why is there a daily value for added sugars,,What is the difference between added sugars and total sugars? | What counts as an added sugar? | Is sugar in fruit counted as added sugar? | Why does the label give a Daily Value for added sugars? | What is the difference between total sugars and added sugars? | Does sugar in fruit count as added sugar? | Does honey count as added sugar? | Why is there a Daily Value for added sugars but not total sugars? | Does this matter for low-carb tracking?,informational,unverified-medium,/apps/keto-diet-tracker/ | /apps/protein-diet-tracker/ | /blog/reading-nutrition-labels/ | /blog/sugar-alcohols-explained/ | /blog/glycemic-index-and-load/ | /blog/net-carbs-explained-keto-tracking/ | /blog/category/health-nutrition/,UNVERIFIED — needs Keyword Planner / Semrush / Ahrefs
complete-vs-incomplete-proteins,/blog/complete-vs-incomplete-proteins/,published,health-nutrition,protein-diet-tracker,complete protein,essential amino acids | incomplete protein foods | protein combining | limiting amino acid | plant protein completeness,what makes a protein complete | do you need to combine proteins at every meal | which plant foods are complete proteins | what is a limiting amino acid,,What is a complete protein? | Do you need to combine plant proteins at the same meal? | What are essential amino acids? | Which plant foods contain all essential amino acids? | What does 'essential' mean for an amino acid? | Do I need to combine plant proteins at the same meal? | What is a limiting amino acid? | Does this matter if I eat meat and dairy?,informational,unverified-medium,/apps/protein-diet-tracker/ | /blog/plant-vs-animal-protein/ | /blog/protein-sources-compared/ | /blog/protein-per-meal-explained/ | /blog/how-much-protein-per-day/ | /blog/category/health-nutrition/,UNVERIFIED — needs Keyword Planner / Semrush / Ahrefs
electrolytes-on-low-carb,/blog/electrolytes-on-low-carb/,published,health-nutrition,keto-diet-tracker,electrolytes on keto,sodium potassium magnesium low carb | fluid balance ketogenic diet | keto electrolyte loss | low carb hydration | electrolyte tracking,why do you lose water on a low carb diet | what electrolytes matter on keto | should you supplement electrolytes on keto | is electrolyte loss dangerous on a low carb diet,,Why do you lose water on a low-carb diet? | Which electrolytes matter on a ketogenic diet? | Should you supplement electrolytes on keto? | Is electrolyte imbalance a risk on low-carb diets? | Why do people lose water early on a low-carb diet? | Which electrolytes are usually discussed? | Should I take electrolyte supplements? | Are the symptoms people report definitely electrolyte-related? | Can I just track my electrolyte intake?,informational,unverified-medium,/apps/keto-diet-tracker/ | /blog/keto-flu-explained/ | /blog/keto-macros-explained/ | /blog/net-carbs-explained-keto-tracking/ | /blog/what-is-a-ketone-reading/ | /blog/category/health-nutrition/,UNVERIFIED — needs Keyword Planner / Semrush / Ahrefs
glycemic-index-and-load,/blog/glycemic-index-and-load/,published,health-nutrition,keto-diet-tracker,glycemic index explained,glycemic load meaning | gi vs gl | blood sugar response food | low gi foods | carbohydrate quality,what is the difference between glycemic index and glycemic load | why is glycemic index criticised | does cooking change glycemic index | is a low gi food always better,,What is the glycemic index? | What is the difference between glycemic index and glycemic load? | Why is the glycemic index criticised? | Does cooking change a food's glycemic index? | What is glycemic load? | Is a low-GI food always better?,informational,unverified-medium,/apps/keto-diet-tracker/ | /apps/protein-diet-tracker/ | /blog/net-carbs-explained-keto-tracking/ | /blog/reading-nutrition-labels/ | /blog/added-sugars-vs-total-sugars/ | /blog/sugar-alcohols-explained/ | /blog/category/health-nutrition/,UNVERIFIED — needs Keyword Planner / Semrush / Ahrefs
how-much-protein-per-day,/blog/how-much-protein-per-day/,published,health-nutrition,protein-diet-tracker,how much protein per day,protein rda per kg | grams of protein per day | acceptable macronutrient distribution range protein | protein daily value 50 grams | protein intake for athletes | is there an upper limit for protein,how many grams of protein per kilogram of body weight | difference between rda and daily value for protein | how much protein do athletes need per kg | is there a tolerable upper intake level for protein,,How much protein should an adult eat per day? | What is the RDA for protein in grams per kilogram? | Why does the food label say 50 grams of protein? | Is there an upper limit on protein intake? | How much protein should I eat per day? | Why do I see 50 grams on food packaging instead? | Do athletes need more protein than the RDA? | Is there a maximum amount of protein I should eat? | How do I convert my weight into a protein figure? | Does Protein Diet Tracker calculate a target for me?,informational,unverified-high,/apps/protein-diet-tracker/ | /apps/keto-diet-tracker/ | /blog/how-to-track-protein-intake/ | /blog/intermittent-fasting-windows-explained/ | /blog/net-carbs-explained-keto-tracking/ | /blog/category/health-nutrition/,UNVERIFIED — needs Keyword Planner / Semrush / Ahrefs
how-to-hit-a-protein-goal,/blog/how-to-hit-a-protein-goal/,published,health-nutrition,protein-diet-tracker,how to hit protein goals,increase protein intake | high protein meals planning | protein on a budget | vegetarian protein target | protein without powder,why do i keep missing my protein goal | how to get more protein without supplements | cheapest sources of protein | how to hit protein goals as a vegetarian,,How do you hit a protein goal consistently? | How can you increase protein without supplements? | What are the cheapest protein sources? | How do vegetarians reach a high protein target? | Why do I keep missing my protein goal? | What is the single most effective change? | Do I need protein powder? | How do I hit a protein target on a budget? | Is it a problem to miss the target some days?,informational,unverified-medium,/apps/protein-diet-tracker/ | /apps/keto-diet-tracker/ | /blog/how-to-track-protein-intake/ | /blog/protein-sources-compared/ | /blog/plant-vs-animal-protein/ | /blog/protein-per-meal-explained/ | /blog/category/health-nutrition/,UNVERIFIED — needs Keyword Planner / Semrush / Ahrefs
how-to-track-protein-intake,/blog/how-to-track-protein-intake/,published,health-nutrition,protein-diet-tracker,how to track protein intake,protein tracker app android | daily protein intake calculator | how much protein per day | macro tracking app free | log protein and calories | protein tracking app no subscription,how to track protein intake without weighing food | best free protein tracker app for android | why do i keep quitting food tracking | how many grams of protein per kg of body weight,protein tracker vs calorie counter,How much protein should an adult eat per day? | What is the RDA for protein? | Is there a free protein tracking app that does not need an account? | Do I need to weigh food to track macros accurately? | How much protein should I eat per day? | Why does the protein number on food labels say 50 grams? | Do I need to weigh my food to track protein usefully? | Is a free protein tracker good enough? | What happens to my logging data?,informational,unverified-high,/apps/protein-diet-tracker/ | /apps/keto-diet-tracker/ | /blog/net-carbs-explained-keto-tracking/ | /blog/category/health-nutrition/,UNVERIFIED — needs Keyword Planner / Semrush / Ahrefs
intermittent-fasting-windows-explained,/blog/intermittent-fasting-windows-explained/,published,health-nutrition,keto-diet-tracker,intermittent fasting windows,time restricted eating window | 16 8 fasting explained | alternate day fasting | 5:2 eating pattern | is intermittent fasting safe,what does 16 8 intermittent fasting actually mean | difference between time restricted eating and alternate day fasting | who should not try intermittent fasting | does the eating window matter more than what you eat,,What is an intermittent fasting window? | What are the main intermittent fasting patterns? | Where does the name 16:8 come from? | Who should talk to a doctor before trying intermittent fasting? | Where does the name '16:8' come from? | Is intermittent fasting proven to work? | Who should not try intermittent fasting without medical advice? | Does a fasting window make food choices matter less? | Can Keto Diet Tracker run a fasting window?,informational,unverified-high,/apps/keto-diet-tracker/ | /apps/protein-diet-tracker/ | /blog/net-carbs-explained-keto-tracking/ | /blog/how-much-protein-per-day/ | /blog/how-to-track-protein-intake/ | /blog/category/health-nutrition/,UNVERIFIED — needs Keyword Planner / Semrush / Ahrefs
keto-flu-explained,/blog/keto-flu-explained/,published,health-nutrition,keto-diet-tracker,keto flu,low carb transition symptoms | keto adaptation | starting a ketogenic diet | keto headache fatigue | carbohydrate withdrawal,what causes keto flu | how long does keto flu last | is keto flu a real medical condition | when should you see a doctor on a keto diet,,What is keto flu? | What causes the symptoms people report when starting a low-carb diet? | Is keto flu a recognised medical condition? | When should someone on a low-carb diet see a doctor? | What is 'keto flu'? | What causes it? | How long does it last? | When should I see a doctor? | Can I prevent it?,informational,unverified-medium,/apps/keto-diet-tracker/ | /blog/electrolytes-on-low-carb/ | /blog/keto-macros-explained/ | /blog/what-is-a-ketone-reading/ | /blog/net-carbs-explained-keto-tracking/ | /blog/category/health-nutrition/,UNVERIFIED — needs Keyword Planner / Semrush / Ahrefs
keto-macros-explained,/blog/keto-macros-explained/,published,health-nutrition,keto-diet-tracker,keto macros explained,keto macro ratio | how to calculate keto macros | fat protein carb percentages | grams vs percentage macros | low carb macro calculator | keto diet tracker app,how do you convert macro percentages into grams | why did my macro percentages change when i ate less | is there an official keto macro ratio | how much protein on a low carb diet,,What are keto macros and how do you calculate them? | How do you convert a macro percentage into grams? | Is there an official definition of keto macros? | Why do my macro percentages change when my calories change? | What are keto macros? | How do I convert a macro percentage into grams? | Why do my percentages shift when I eat less? | Should I track total carbs or net carbs? | How much fat should I actually eat? | Does Keto Diet Tracker set my macros for me?,informational,unverified-high,/apps/keto-diet-tracker/ | /apps/protein-diet-tracker/ | /blog/net-carbs-explained-keto-tracking/ | /blog/what-is-a-ketone-reading/ | /blog/intermittent-fasting-windows-explained/ | /blog/reading-nutrition-labels/ | /blog/category/health-nutrition/,UNVERIFIED — needs Keyword Planner / Semrush / Ahrefs
low-carb-tracking-apps-compared,/blog/low-carb-tracking-apps-compared/,published,health-nutrition,keto-diet-tracker,best keto app,keto tracker app comparison | carb manager alternative | net carb tracking app android | keto app without subscription | ketone log app | low carb macro tracker,which keto app calculates net carbs automatically | keto tracking app with no subscription | app that logs ketone readings and gki | do keto apps subtract erythritol and allulose,carb manager vs cronometer | keto diet tracker vs carb manager | free keto app vs paid keto app | best net carb tracker for android,What is the best app for tracking a keto diet? | Which keto apps calculate net carbs for you? | Is there a keto tracking app with no subscription? | Can an app measure my ketone levels? | What makes a keto app different from a normal calorie counter? | Why do two keto apps show different net carbs for the same food? | Is there a low-carb tracker with no subscription at all? | Can a keto app measure my ketone levels? | Does Carb Manager have a free version? | How many carbs should I eat on a low-carb diet?,commercial,unverified-high,/apps/keto-diet-tracker/ | /apps/protein-diet-tracker/ | /blog/net-carbs-explained-keto-tracking/ | /blog/how-to-track-protein-intake/ | /blog/protein-tracking-apps-compared/ | /blog/category/health-nutrition/,UNVERIFIED — needs Keyword Planner / Semrush / Ahrefs
net-carbs-explained-keto-tracking,/blog/net-carbs-explained-keto-tracking/,published,health-nutrition,keto-diet-tracker,net carbs explained,how to calculate net carbs | net carbs vs total carbs | do sugar alcohols count as carbs | net carbs on nutrition label | keto tracker app android | does fiber count as a carb,why do two apps give different net carbs | is net carbs an fda term | do you subtract erythritol from carbs | how to read total carbohydrate on a label,,What are net carbs and how do you calculate them? | Are net carbs on the Nutrition Facts label? | Do sugar alcohols count toward net carbs? | Why do different apps show different net carb numbers for the same food? | What are net carbs? | Are net carbs listed on the Nutrition Facts label? | Why do two apps show different net carbs for the same food? | How many carbs should I eat per day? | Does Keto Diet Tracker do the subtraction for me?,informational,unverified-high,/apps/keto-diet-tracker/ | /apps/protein-diet-tracker/ | /blog/how-to-track-protein-intake/ | /blog/category/health-nutrition/,UNVERIFIED — needs Keyword Planner / Semrush / Ahrefs
plant-vs-animal-protein,/blog/plant-vs-animal-protein/,published,health-nutrition,protein-diet-tracker,plant protein vs animal protein,plant based protein sources | protein quality comparison | vegetarian protein tracking | protein density foods | amino acid profile plants,is plant protein as good as animal protein | do vegetarians need more protein | what comes with plant protein besides protein | which plant foods are highest in protein,,Is plant protein as good as animal protein? | Do plant-based eaters need more protein? | How do plant and animal protein sources differ? | Which plant foods are highest in protein? | What is the practical difference when tracking? | What else comes with each?,informational,unverified-medium,/apps/protein-diet-tracker/ | /apps/keto-diet-tracker/ | /blog/complete-vs-incomplete-proteins/ | /blog/protein-sources-compared/ | /blog/how-to-hit-a-protein-goal/ | /blog/how-much-protein-per-day/ | /blog/category/health-nutrition/,UNVERIFIED — needs Keyword Planner / Semrush / Ahrefs
protein-for-older-adults,/blog/protein-for-older-adults/,published,health-nutrition,protein-diet-tracker,protein for older adults,protein requirements older people | sarcopenia protein | anabolic resistance | protein intake ageing | rda protein older adults,do older adults need more protein | what is anabolic resistance | how much protein for someone over 65 | why do protein recommendations differ for older people,,Do older adults need more protein? | What is anabolic resistance? | What do expert groups recommend for protein in older people? | Why do protein recommendations for older adults differ from the general RDA? | What is the difference between an RDA and a position paper recommendation? | Are there reasons an older person should not increase protein? | Does distribution across meals matter more with age?,informational,unverified-medium,/apps/protein-diet-tracker/ | /blog/how-much-protein-per-day/ | /blog/protein-per-meal-explained/ | /blog/protein-sources-compared/ | /blog/how-to-hit-a-protein-goal/ | /blog/category/health-nutrition/,UNVERIFIED — needs Keyword Planner / Semrush / Ahrefs
protein-per-meal-explained,/blog/protein-per-meal-explained/,published,health-nutrition,protein-diet-tracker,protein per meal,protein distribution across meals | how much protein can you absorb | protein per sitting | muscle protein synthesis meals | protein timing,can the body only use 30g of protein per meal | does protein distribution matter | is it better to spread protein across meals | what happens to extra protein in a meal,,How much protein can the body use in one meal? | Does it matter how protein is spread across the day? | Is there a limit to protein absorption per sitting? | What matters more: total protein or protein timing? | Can the body only use 30 grams of protein per meal? | Does spreading protein across meals matter? | What happens to protein above the muscle-building plateau? | Should I add a protein shake to hit a per-meal target? | Does this apply to everyone?,informational,unverified-medium,/apps/protein-diet-tracker/ | /apps/keto-diet-tracker/ | /blog/how-much-protein-per-day/ | /blog/how-to-track-protein-intake/ | /blog/complete-vs-incomplete-proteins/ | /blog/how-to-hit-a-protein-goal/ | /blog/category/health-nutrition/,UNVERIFIED — needs Keyword Planner / Semrush / Ahrefs
protein-sources-compared,/blog/protein-sources-compared/,published,health-nutrition,protein-diet-tracker,high protein foods list,animal vs plant protein | complete protein foods | protein per calorie | essential amino acids list | good source of protein label claim | protein in lentils and tofu,which foods have the most protein per serving | do i need to combine plant proteins at every meal | what does excellent source of protein mean on a label | how much protein is in an egg,,What foods are highest in protein? | Is plant protein as good as animal protein? | What are the essential amino acids? | What does 'good source of protein' mean on a food package? | Which foods have the most protein? | Are plant proteins incomplete? | What does 'excellent source of protein' mean on a package? | Do I need a protein supplement? | Does Protein Diet Tracker have a food database?,informational,unverified-high,/apps/protein-diet-tracker/ | /apps/keto-diet-tracker/ | /blog/how-much-protein-per-day/ | /blog/reading-nutrition-labels/ | /blog/how-to-track-protein-intake/ | /blog/category/health-nutrition/,UNVERIFIED — needs Keyword Planner / Semrush / Ahrefs
protein-tracking-apps-compared,/blog/protein-tracking-apps-compared/,published,health-nutrition,protein-diet-tracker,best protein tracking app,protein tracker app comparison | myfitnesspal alternative android | cronometer vs myfitnesspal | free macro tracking app android | protein app without subscription | food logging app comparison,which protein tracking app is free without a subscription | do i need a barcode scanner to track protein | protein tracker that does not require an account | what happens to my food log if i stop paying,cronometer vs myfitnesspal | protein diet tracker vs myfitnesspal | free vs paid macro tracker | best macro tracker for android,What is the best app for tracking protein intake? | Is MyFitnessPal's barcode scanner free? | Which nutrition trackers work without an account? | Do I need a big food database to track protein? | Which protein tracking app is best? | Is barcode scanning free in MyFitnessPal? | Does Cronometer include a barcode scanner in its free tier? | Do I need an account to track protein? | Can a tracking app tell me how much protein I should eat? | Is a free tracker accurate enough?,commercial,unverified-high,/apps/protein-diet-tracker/ | /apps/keto-diet-tracker/ | /blog/how-to-track-protein-intake/ | /blog/net-carbs-explained-keto-tracking/ | /blog/low-carb-tracking-apps-compared/ | /blog/category/health-nutrition/,UNVERIFIED — needs Keyword Planner / Semrush / Ahrefs
reading-nutrition-labels,/blog/reading-nutrition-labels/,published,health-nutrition,protein-diet-tracker,how to read nutrition labels,nutrition facts label explained | what does percent daily value mean | serving size vs portion size | added sugars on nutrition label | nutrition label rounding rules | dual column nutrition label,why does the serving size not match what i eat | what is 5 percent daily value rule | how are calories calculated on a nutrition label | why does a label say 0 grams when there is some,,How do you read a Nutrition Facts label? | What does % Daily Value mean on food packaging? | Is the serving size on a label a recommendation? | Why can a label declare 0 grams of fat when the food contains fat? | Is the serving size on a label how much I should eat? | What does % Daily Value actually mean? | Why does a label say 0 grams when the food clearly contains some? | What changed on the label in the 2016 update? | How are the calories on a label worked out? | Can an app read labels for me?,informational,unverified-high,/apps/protein-diet-tracker/ | /apps/keto-diet-tracker/ | /blog/net-carbs-explained-keto-tracking/ | /blog/protein-sources-compared/ | /blog/how-much-protein-per-day/ | /blog/category/health-nutrition/,UNVERIFIED — needs Keyword Planner / Semrush / Ahrefs
serving-size-vs-portion-size,/blog/serving-size-vs-portion-size/,published,health-nutrition,protein-diet-tracker,serving size vs portion size,what is a serving size | nutrition label servings per container | portion control | label serving size meaning | how to measure portions,is a serving size a recommendation | why is the serving size on a label so small | how do you convert a label serving to your portion | what does servings per container mean,,What is the difference between serving size and portion size? | Is a label's serving size a recommendation? | Why are serving sizes on labels so small? | How should you convert a label serving to your actual portion? | What is a serving size on a label? | Is the serving size a recommendation? | What does 'servings per container' mean? | Why does a serving-size error matter so much? | Do I have to weigh everything?,informational,unverified-medium,/apps/protein-diet-tracker/ | /apps/keto-diet-tracker/ | /blog/reading-nutrition-labels/ | /blog/why-food-databases-disagree/ | /blog/tdee-and-energy-balance/ | /blog/added-sugars-vs-total-sugars/ | /blog/category/health-nutrition/,UNVERIFIED — needs Keyword Planner / Semrush / Ahrefs
sugar-alcohols-explained,/blog/sugar-alcohols-explained/,published,health-nutrition,keto-diet-tracker,sugar alcohols,polyols explained | erythritol vs maltitol | sugar alcohols net carbs | sugar alcohol side effects | sugar free label,what are sugar alcohols on a nutrition label | why do sugar alcohols cause digestive problems | do sugar alcohols count as carbs | which sugar alcohols are best tolerated,,What are sugar alcohols? | Why do sugar alcohols cause digestive upset? | Do sugar alcohols count as carbohydrates? | How do erythritol and maltitol differ? | Where do they appear on a label? | Why do they cause digestive upset? | Do sugar alcohols count as carbs? | Are some better tolerated than others?,informational,unverified-medium,/apps/keto-diet-tracker/ | /apps/protein-diet-tracker/ | /blog/net-carbs-explained-keto-tracking/ | /blog/reading-nutrition-labels/ | /blog/added-sugars-vs-total-sugars/ | /blog/keto-macros-explained/ | /blog/category/health-nutrition/,UNVERIFIED — needs Keyword Planner / Semrush / Ahrefs
tdee-and-energy-balance,/blog/tdee-and-energy-balance/,published,health-nutrition,protein-diet-tracker,tdee explained,total daily energy expenditure | basal metabolic rate | calorie calculator accuracy | activity multiplier | energy balance,how accurate are tdee calculators | what is the difference between bmr and tdee | what is neat energy expenditure | why does my calorie calculator not match reality,,What is TDEE? | What is the difference between BMR and TDEE? | How accurate are TDEE calculators? | What is NEAT in energy expenditure? | What is NEAT? | Why doesn't the arithmetic work in practice?,informational,unverified-medium,/apps/protein-diet-tracker/ | /apps/keto-diet-tracker/ | /blog/why-food-databases-disagree/ | /blog/how-to-track-protein-intake/ | /blog/serving-size-vs-portion-size/ | /blog/reading-nutrition-labels/ | /blog/category/health-nutrition/,UNVERIFIED — needs Keyword Planner / Semrush / Ahrefs
what-is-a-ketone-reading,/blog/what-is-a-ketone-reading/,published,health-nutrition,keto-diet-tracker,ketone levels explained,what is a ketone reading | blood ketone vs urine ketone test | ketosis vs ketoacidosis | ketone urine strips small moderate large | breath ketone meter | gki glucose ketone index,why do my blood and urine ketone readings disagree | is nutritional ketosis the same as ketoacidosis | can a normal ketone test rule out dka | what do small moderate and large mean on a ketone strip,,What is a ketone reading and what does it measure? | What is the difference between ketosis and ketoacidosis? | Why do blood and urine ketone tests give different results? | Can I use a ketone meter to check my own health? | What is a ketone reading? | Is ketosis the same as ketoacidosis? | Can a ketone test tell me whether I have a problem? | Why do my blood and urine readings disagree? | What is GKI? | Does Keto Diet Tracker measure ketones?,informational,unverified-medium,/apps/keto-diet-tracker/ | /apps/protein-diet-tracker/ | /blog/keto-macros-explained/ | /blog/net-carbs-explained-keto-tracking/ | /blog/intermittent-fasting-windows-explained/ | /blog/category/health-nutrition/,UNVERIFIED — needs Keyword Planner / Semrush / Ahrefs
why-food-databases-disagree,/blog/why-food-databases-disagree/,published,health-nutrition,protein-diet-tracker,food database accuracy,why do nutrition apps show different values | food label tolerance | crowd sourced food data | usda fooddata central | calorie counting accuracy,why does the same food have different calories in different apps | how accurate are nutrition labels | are crowd sourced food entries reliable | which food database is most accurate,,Why do food databases show different values for the same food? | How accurate are nutrition labels? | Are crowd-sourced food database entries reliable? | Which nutrition database is most trustworthy? | Why does the same food show different calories in different apps? | How accurate is a nutrition label? | Are crowd-sourced entries reliable? | Does cooking change the numbers? | So which database should I use?,informational,unverified-medium,/apps/protein-diet-tracker/ | /apps/keto-diet-tracker/ | /blog/tdee-and-energy-balance/ | /blog/serving-size-vs-portion-size/ | /blog/reading-nutrition-labels/ | /blog/how-to-track-protein-intake/ | /blog/category/health-nutrition/,UNVERIFIED — needs Keyword Planner / Semrush / Ahrefs
cantonese-tones-explained,/blog/cantonese-tones-explained/,published,language-learning,learn-cantonese,cantonese tones explained,how many tones does cantonese have | cantonese six tones | cantonese nine tones | jyutping tone numbers | cantonese tone practice | cantonese checked tones,does cantonese have six or nine tones | why can i not hear cantonese tone 2 and tone 5 | do you need perfect pitch to learn cantonese | how to practise cantonese tones on your own,,How many tones does Cantonese have? | What is the difference between Cantonese tone 2 and tone 5? | Why do some sources say Cantonese has nine tones? | Do I need perfect pitch to learn a tonal language? | Does Cantonese have six tones or nine? | Do I need perfect pitch to learn Cantonese? | Which Cantonese tones are hardest to tell apart? | What happens if I say the wrong tone? | Can an app teach me tones? | Does Learn Cantonese for Beginners cover tones before conversation?,informational,unverified-medium,/apps/learn-cantonese/ | /blog/learn-cantonese-beginners-guide/ | /blog/cantonese-vs-mandarin-differences/ | /blog/thai-tones-explained/ | /blog/spaced-repetition-for-language-learning/ | /blog/category/language-learning/,UNVERIFIED — needs Keyword Planner / Semrush / Ahrefs
cantonese-vs-mandarin-differences,/blog/cantonese-vs-mandarin-differences/,published,language-learning,learn-cantonese,cantonese vs mandarin,difference between cantonese and mandarin | is cantonese a dialect of mandarin | jyutping vs pinyin | traditional vs simplified characters | should i learn cantonese or mandarin | cantonese and mandarin mutual intelligibility,can mandarin speakers understand cantonese | how many tones does cantonese have compared to mandarin | do cantonese and mandarin use the same characters | which is harder cantonese or mandarin,,"What is the difference between Cantonese and Mandarin? | Can a Mandarin speaker understand Cantonese? | Do Cantonese and Mandarin use the same writing system? | Should I learn Cantonese or Mandarin first? | Is Cantonese a dialect of Mandarin? | Do Cantonese and Mandarin use the same characters? | Which is harder, Cantonese or Mandarin? | Can I learn Cantonese if I already know Mandarin? | Is Learn Cantonese for Beginners free?",informational,unverified-high,/apps/learn-cantonese/ | /blog/learn-cantonese-beginners-guide/ | /blog/cantonese-tones-explained/ | /blog/spaced-repetition-for-language-learning/ | /blog/category/language-learning/,UNVERIFIED — needs Keyword Planner / Semrush / Ahrefs
cefr-levels-explained,/blog/cefr-levels-explained/,published,language-learning,learn-italian,cefr levels explained,a1 a2 b1 b2 c1 c2 | what does b2 mean | language proficiency levels | cefr vs actfl | how to measure language progress,what can you do at b1 level | how long does each cefr level take | is cefr used outside europe | what is the difference between cefr and actfl,,What do the CEFR levels A1 to C2 mean? | What can you do at B1 level? | How is CEFR different from ACTFL? | How should I use CEFR to set a language goal? | What are the CEFR levels? | What can you do at B1? | Do the levels take equal time? | Why do people get stuck at B1 or B2? | How does CEFR compare with ACTFL?,informational,unverified-medium,/apps/learn-italian/ | /apps/learn-russian/ | /apps/learn-vietnamese/ | /blog/how-long-to-learn-italian/ | /blog/how-many-words-to-be-conversational/ | /blog/how-long-does-it-take-to-learn-russian/ | /blog/language-learning-plateau/ | /blog/category/language-learning/,UNVERIFIED — needs Keyword Planner / Semrush / Ahrefs
comprehensible-input-explained,/blog/comprehensible-input-explained/,published,language-learning,learn-italian,comprehensible input,input hypothesis language learning | i+1 language | extensive reading second language | graded readers | listening input method,what is comprehensible input in language learning | how difficult should learning material be | does input alone teach a language | how much listening do you need to learn a language,,What is comprehensible input? | How difficult should language learning material be? | Is input alone enough to learn a language? | What is the difference between extensive and intensive reading? | How difficult should the material be? | How do I find material at the right level?,informational,unverified-medium,/apps/learn-italian/ | /apps/learn-vietnamese/ | /apps/learn-malay/ | /blog/listening-practice-in-a-new-language/ | /blog/language-learning-plateau/ | /blog/shadowing-technique-explained/ | /blog/spaced-repetition-for-language-learning/ | /blog/category/language-learning/,UNVERIFIED — needs Keyword Planner / Semrush / Ahrefs
how-long-does-it-take-to-learn-russian,/blog/how-long-does-it-take-to-learn-russian/,published,language-learning,learn-russian,how long to learn russian,fsi russian hours | russian language difficulty | how hard is russian to learn | russian study plan | cefr russian levels | learn russian realistic timeline,how many hours does it take to learn russian | is russian harder than spanish | how long to learn the cyrillic alphabet | what does fsi category 3 mean,,How many hours does the Foreign Service Institute say Russian takes? | What is FSI Category III? | How long does it take to read Cyrillic? | Is Russian harder than Spanish or French? | How many hours does FSI say Russian takes? | What does FSI Category III mean? | Can I just divide the FSI hours by my daily study time? | Will an app get me to fluency?,informational,unverified-high,/apps/learn-russian/ | /blog/learn-russian-cyrillic-beginners-guide/ | /blog/russian-cases-explained-for-beginners/ | /blog/is-thai-hard-to-learn/ | /blog/spaced-repetition-for-language-learning/ | /blog/category/language-learning/,UNVERIFIED — needs Keyword Planner / Semrush / Ahrefs
how-long-to-learn-italian,/blog/how-long-to-learn-italian/,published,language-learning,learn-italian,how long does it take to learn italian,italian fluency timeline | hours to learn italian | cefr italian levels | italian study time | realistic language goals,how many hours to become conversational in italian | how long to reach b1 in italian | is italian faster to learn than french | why do estimates for learning italian vary,,How long does it take to learn Italian? | How many hours are needed to become conversational in Italian? | What do CEFR levels mean for Italian? | Why do time estimates for learning a language vary so much? | Why do estimates vary so much? | Is Italian faster than French or Spanish? | Is daily study really better? | What target should I set?,informational,unverified-medium,/apps/learn-italian/ | /apps/learn-russian/ | /blog/learn-italian-beginners-guide/ | /blog/cefr-levels-explained/ | /blog/how-long-does-it-take-to-learn-russian/ | /blog/how-many-words-to-be-conversational/ | /blog/category/language-learning/,UNVERIFIED — needs Keyword Planner / Semrush / Ahrefs
how-many-words-to-be-conversational,/blog/how-many-words-to-be-conversational/,published,language-learning,learn-italian,how many words to be fluent,vocabulary size for conversation | text coverage vocabulary | word frequency language learning | how many words to learn a language | active vs passive vocabulary,how many words do you need for basic conversation | what percentage of a language do the most common words cover | is 1000 words enough to speak a language | what is the difference between active and passive vocabulary,,"How many words do you need to be conversational in a language? | What is text coverage in vocabulary research? | Is 1,000 words enough to hold a conversation? | What is the difference between active and passive vocabulary? | How many words do you need for a basic conversation? | Does the choice of words matter more than the number? | When is a word actually learned? | Is a word-count target useful at all?",informational,unverified-medium,/apps/learn-italian/ | /apps/learn-vietnamese/ | /apps/learn-thai/ | /blog/cefr-levels-explained/ | /blog/spaced-repetition-for-language-learning/ | /blog/comprehensible-input-explained/ | /blog/how-long-to-learn-italian/ | /blog/category/language-learning/,UNVERIFIED — needs Keyword Planner / Semrush / Ahrefs
is-thai-hard-to-learn,/blog/is-thai-hard-to-learn/,published,language-learning,learn-thai,is thai hard to learn,how hard is thai for english speakers | thai difficulty fsi category | thai grammar easy | learning thai as a beginner | hardest part of learning thai | how long to learn thai,is thai harder than chinese | is thai grammar difficult | can you learn thai without the script | what is the hardest part of thai for english speakers,,Is Thai a hard language for English speakers? | What is the hardest part of learning Thai? | Is Thai grammar difficult? | How does Thai compare to Chinese in difficulty? | Is Thai harder than Chinese? | Can I learn Thai without learning the script? | How long does it take to learn Thai? | Is Regal - Learn Thai Language suitable for a complete beginner?,informational,unverified-high,/apps/learn-thai/ | /blog/learn-thai-script-beginners-guide/ | /blog/thai-tones-explained/ | /blog/how-long-does-it-take-to-learn-russian/ | /blog/spaced-repetition-for-language-learning/ | /blog/category/language-learning/,UNVERIFIED — needs Keyword Planner / Semrush / Ahrefs
is-vietnamese-hard-to-learn,/blog/is-vietnamese-hard-to-learn/,published,language-learning,learn-vietnamese,is vietnamese hard to learn,vietnamese difficulty english speakers | how long to learn vietnamese | vietnamese vs thai difficulty | hardest part of vietnamese | vietnamese grammar difficulty,what is the hardest part of learning vietnamese | is vietnamese harder than thai | is vietnamese grammar difficult | can you learn vietnamese without learning tones,,Is Vietnamese hard to learn for English speakers? | What is the hardest part of Vietnamese? | Is Vietnamese grammar difficult? | Is Vietnamese harder than Thai? | Is Vietnamese hard for English speakers? | What is the hardest part? | Can I skip the tones at first?,informational,unverified-medium,/apps/learn-vietnamese/ | /apps/learn-thai/ | /blog/learn-vietnamese-beginners-guide/ | /blog/vietnamese-tones-explained/ | /blog/is-thai-hard-to-learn/ | /blog/what-is-a-tonal-language/ | /blog/category/language-learning/,UNVERIFIED — needs Keyword Planner / Semrush / Ahrefs
italian-articles-and-gender,/blog/italian-articles-and-gender/,published,language-learning,learn-italian,italian articles explained,italian definite articles | italian noun gender | il lo la gli le | italian adjective agreement | italian grammar for beginners,why does italian have so many words for the | how do you know if an italian noun is masculine | when do you use lo instead of il | how does italian adjective agreement work,,How do Italian articles work? | How do you know an Italian noun's gender? | When do you use 'lo' instead of 'il'? | How does adjective agreement work in Italian? | Why does Italian have several words for 'the'? | How do I know a noun's gender? | When do you use the alternative masculine article? | How does adjective agreement work? | What is the best way to learn all this?,informational,unverified-medium,/apps/learn-italian/ | /blog/learn-italian-beginners-guide/ | /blog/italian-verb-conjugation-basics/ | /blog/how-long-to-learn-italian/ | /blog/spaced-repetition-for-language-learning/ | /blog/category/language-learning/,UNVERIFIED — needs Keyword Planner / Semrush / Ahrefs
italian-verb-conjugation-basics,/blog/italian-verb-conjugation-basics/,published,language-learning,learn-italian,italian verb conjugation,italian present tense | are ere ire verbs | italian irregular verbs | essere avere conjugation | italian verb endings,what are the three italian conjugations | which italian verbs should i learn first | why are common italian verbs irregular | do i need to learn all italian tenses,,"How does Italian verb conjugation work? | What are the -are, -ere and -ire verb groups? | Which Italian verbs should a beginner learn first? | Why are the most common Italian verbs irregular? | What are the three Italian conjugations? | Why can Italian drop the subject pronoun? | Which verbs should I learn first? | Why are the most common verbs irregular? | Do I need all the tenses?",informational,unverified-medium,/apps/learn-italian/ | /blog/learn-italian-beginners-guide/ | /blog/italian-articles-and-gender/ | /blog/how-long-to-learn-italian/ | /blog/russian-cases-explained-for-beginners/ | /blog/category/language-learning/,UNVERIFIED — needs Keyword Planner / Semrush / Ahrefs
khmer-script-explained,/blog/khmer-script-explained/,published,language-learning,learn-cambodian-khmer,khmer script explained,khmer alphabet explained | khmer consonant series | khmer subscript consonants | how to read khmer | khmer vowel signs | khmer abugida,why do khmer consonants have two series | what is a coeng in khmer script | how many letters are in the khmer alphabet | why are khmer letters stacked on top of each other | how do khmer vowel signs work,,How does the Khmer writing system work? | What are the two consonant series in Khmer? | Why are Khmer letters written underneath each other? | How many letters does the Khmer alphabet have? | Is the Khmer script harder than Thai? | What is a coeng in Khmer? | Do I need to learn the script to speak Khmer?,informational,unverified-low,/apps/learn-cambodian-khmer/ | /blog/learn-khmer-beginners-guide/ | /blog/learn-thai-script-beginners-guide/ | /blog/is-thai-hard-to-learn/ | /blog/spaced-repetition-for-language-learning/ | /blog/category/language-learning/,UNVERIFIED — needs Keyword Planner / Semrush / Ahrefs
language-learning-apps-compared,/blog/language-learning-apps-compared/,published,language-learning,learn-cantonese,best language learning app for less common languages,language app comparison android | duolingo alternative for cantonese | learn cantonese app | spaced repetition language app | app to learn khmer or malay | language app with tone practice,which app teaches cantonese properly | does duolingo have cantonese khmer or malay | official course versus community word lists | best app for a language with few courses,duolingo vs memrise for rare languages | anki vs duolingo for vocabulary | pimsleur vs app based courses | best cantonese learning app android,"What is the best app for learning a less common language? | What is the difference between an official course and a community word list? | Which app teaches Cantonese tones and Jyutping? | Is Anki good for learning a language with no course available? | Which language app is best for a language that is not widely taught? | What is the difference between an official course and community word lists? | Does Memrise have a Cantonese, Khmer or Malay course? | Is Anki good for learning a language? | Does Pimsleur teach Cantonese? | Can any app make me fluent?",commercial,unverified-medium,/apps/learn-cantonese/ | /apps/learn-cambodian-khmer/ | /apps/learn-malay/ | /blog/learn-cantonese-beginners-guide/ | /blog/learn-khmer-beginners-guide/ | /blog/learn-malay-beginners-guide/ | /blog/learn-thai-script-beginners-guide/ | /blog/category/language-learning/,UNVERIFIED — needs Keyword Planner / Semrush / Ahrefs
language-learning-plateau,/blog/language-learning-plateau/,published,language-learning,learn-russian,language learning plateau,intermediate plateau language | why has my language progress stopped | stuck at b1 | language learning motivation | intermediate language study,why does language learning slow down at intermediate | how to break through a language plateau | am i still improving in a language | why do beginner methods stop working,,Why does language learning slow down at the intermediate level? | How do you break through a language plateau? | Why do beginner study methods stop working? | Is a plateau a sign you have stopped improving? | Why does progress slow down at the intermediate stage? | Why do the methods that worked stop working? | Have I actually stopped improving? | What actually restarts progress? | Is the plateau a motivation problem?,informational,unverified-medium,/apps/learn-russian/ | /apps/learn-italian/ | /apps/learn-cantonese/ | /blog/cefr-levels-explained/ | /blog/comprehensible-input-explained/ | /blog/how-many-words-to-be-conversational/ | /blog/listening-practice-in-a-new-language/ | /blog/category/language-learning/,UNVERIFIED — needs Keyword Planner / Semrush / Ahrefs
lao-alphabet-explained,/blog/lao-alphabet-explained/,published,language-learning,learn-lao,lao alphabet,lao script explained | lao consonant classes | lao vowels | reading lao | lao writing system,how many letters are in the lao alphabet | why does lao have no spaces between words | what are lao consonant classes | how do lao vowels work,,How does the Lao alphabet work? | Why are there no spaces between Lao words? | What are consonant classes in Lao? | How are Lao vowels written? | How many letters does Lao have? | Why are there no spaces between words? | What are consonant classes? | How do Lao vowels work? | How is tone determined?,informational,unverified-medium,/apps/learn-lao/ | /apps/learn-thai/ | /blog/learn-lao-beginners-guide/ | /blog/lao-vs-thai-differences/ | /blog/learn-thai-script-beginners-guide/ | /blog/khmer-script-explained/ | /blog/category/language-learning/,UNVERIFIED — needs Keyword Planner / Semrush / Ahrefs
lao-vs-thai-differences,/blog/lao-vs-thai-differences/,published,language-learning,learn-lao,is lao similar to thai,lao vs thai language | can lao speakers understand thai | lao thai mutual intelligibility | isan and lao | tai kadai languages,can thai speakers understand lao | how different are the lao and thai scripts | should i learn lao or thai first | is lao a dialect of thai,,Is Lao similar to Thai? | Can Thai speakers understand Lao? | How different are the Lao and Thai scripts? | Should I learn Lao or Thai first? | Are Lao and Thai the same language? | How different are the scripts? | Does learning one help with the other?,informational,unverified-medium,/apps/learn-lao/ | /apps/learn-thai/ | /blog/learn-lao-beginners-guide/ | /blog/lao-alphabet-explained/ | /blog/learn-thai-script-beginners-guide/ | /blog/malay-vs-indonesian-differences/ | /blog/category/language-learning/,UNVERIFIED — needs Keyword Planner / Semrush / Ahrefs
learn-cantonese-beginners-guide,/blog/learn-cantonese-beginners-guide/,published,language-learning,learn-cantonese,learn cantonese for beginners,jyutping romanisation | cantonese tones explained | cantonese vs mandarin | cantonese app for beginners | traditional characters cantonese | written cantonese vs standard written chinese,should i learn cantonese or mandarin first | how many tones does cantonese have | is jyutping better than yale for beginners | can you learn cantonese without learning characters,,How many tones does Cantonese have? | What is Jyutping and how is it different from Pinyin? | Is Cantonese a dialect of Mandarin? | Do I need to learn Chinese characters to speak Cantonese? | What is Jyutping and why not Yale or Pinyin? | Do I need to read characters to speak Cantonese? | Should I learn traditional or simplified characters for Cantonese? | Is Learn Cantonese for Beginners free?,informational,unverified-medium,/apps/learn-cantonese/ | /blog/learn-thai-script-beginners-guide/ | /blog/learn-khmer-beginners-guide/ | /blog/learn-russian-cyrillic-beginners-guide/ | /blog/category/language-learning/,UNVERIFIED — needs Keyword Planner / Semrush / Ahrefs
learn-italian-beginners-guide,/blog/learn-italian-beginners-guide/,published,language-learning,learn-italian,learn italian for beginners,italian for english speakers | italian beginner course | how to start learning italian | italian pronunciation rules | italian study plan,what should i learn first in italian | is italian pronunciation easy | how much grammar do you need for basic italian | how long until i can order food in italian,,How do you start learning Italian? | Is Italian pronunciation easy for English speakers? | How much Italian grammar do you need to be conversational? | What should a first month of Italian look like? | Is Italian easy for English speakers? | What should I learn first? | How many verb tenses do I need? | Do I really need to learn noun genders? | How long until I can order food or ask directions?,informational,unverified-medium,/apps/learn-italian/ | /apps/learn-russian/ | /blog/italian-verb-conjugation-basics/ | /blog/italian-articles-and-gender/ | /blog/how-long-to-learn-italian/ | /blog/how-many-words-to-be-conversational/ | /blog/category/language-learning/,UNVERIFIED — needs Keyword Planner / Semrush / Ahrefs
learn-khmer-beginners-guide,/blog/learn-khmer-beginners-guide/,published,language-learning,learn-cambodian-khmer,learn khmer for beginners,khmer alphabet for beginners | is khmer tonal | khmer script consonant series | cambodian language basics | khmer travel phrases | learn cambodian app android,is khmer a tonal language | how hard is the khmer alphabet to learn | khmer phrases for travelling in cambodia | why does khmer have two consonant series,,"Is Khmer a tonal language? | How does the Khmer alphabet work? | Is Khmer the same as Cambodian? | How do you count to ten in Khmer? | Why do Khmer consonants come in two series? | Do I need the script for a two-week trip? | Is Learn Cambodian, Speak Khmer free?",informational,unverified-medium,/apps/learn-cambodian-khmer/ | /blog/learn-thai-script-beginners-guide/ | /blog/learn-cantonese-beginners-guide/ | /blog/learn-malay-beginners-guide/ | /blog/category/language-learning/,UNVERIFIED — needs Keyword Planner / Semrush / Ahrefs
learn-lao-beginners-guide,/blog/learn-lao-beginners-guide/,published,language-learning,learn-lao,learn lao for beginners,lao language course | how to start learning lao | laotian for beginners | lao study plan | lao for travel,how do you start learning lao | is there a good lao learning app | how long does it take to read lao script | what should i learn first in lao,,How do you start learning Lao? | Is Lao difficult for English speakers? | How long does it take to read the Lao script? | Are there good resources for learning Lao? | How hard is Lao for an English speaker? | Do I have to learn the script? | How long does the script take? | Is Lao the same as Thai? | What should I learn first?,informational,unverified-medium,/apps/learn-lao/ | /apps/learn-thai/ | /blog/lao-alphabet-explained/ | /blog/lao-vs-thai-differences/ | /blog/learn-thai-script-beginners-guide/ | /blog/what-is-a-tonal-language/ | /blog/category/language-learning/,UNVERIFIED — needs Keyword Planner / Semrush / Ahrefs
learn-malay-beginners-guide,/blog/learn-malay-beginners-guide/,published,language-learning,learn-malay,learn malay for beginners,bahasa melayu for beginners | malay vs indonesian | malay affixes explained | malay grammar basics | learn malay app android | rumi and jawi script,is malay easy to learn for english speakers | difference between malay and indonesian | do i need to learn jawi to read malay | how does the malay affix system work,,Is Malay easy for English speakers to learn? | What is the difference between Malay and Indonesian? | Does Malay use the Latin alphabet? | Do Malay verbs conjugate for tense? | Is Malay easy for an English speaker to learn? | Do I need to learn the Jawi script? | How do Malay verbs work without tenses? | Is Learn Malay - Bahasa Melayu free?,informational,unverified-medium,/apps/learn-malay/ | /blog/learn-thai-script-beginners-guide/ | /blog/learn-cantonese-beginners-guide/ | /blog/learn-khmer-beginners-guide/ | /blog/category/language-learning/,UNVERIFIED — needs Keyword Planner / Semrush / Ahrefs
learn-russian-cyrillic-beginners-guide,/blog/learn-russian-cyrillic-beginners-guide/,published,language-learning,learn-russian,learn russian cyrillic alphabet,russian alphabet for beginners | how many letters in the russian alphabet | cyrillic false friends | russian vowel reduction | russian cursive handwriting | learn russian app android,how long does it take to learn the cyrillic alphabet | which russian letters look like english letters | why is russian stress not marked | why does russian cursive look so different,,How many letters are in the Russian alphabet? | Which Cyrillic letters look like Latin letters but sound different? | Why is stress not written in Russian text? | How long does it take to learn to read Cyrillic? | Which Cyrillic letters are most likely to trip me up? | Why is stress not marked in Russian text? | Is Regal - Learn Russian Language free?,informational,unverified-high,/apps/learn-russian/ | /blog/learn-cantonese-beginners-guide/ | /blog/learn-thai-script-beginners-guide/ | /blog/learn-malay-beginners-guide/ | /blog/category/language-learning/,UNVERIFIED — needs Keyword Planner / Semrush / Ahrefs
learn-thai-script-beginners-guide,/blog/learn-thai-script-beginners-guide/,published,language-learning,learn-thai,learn thai script,thai alphabet for beginners | thai consonant classes | thai tone rules | how to read thai | thai app for beginners | royal thai general system of transcription,how long does it take to learn the thai alphabet | why does thai have 44 consonants | can i learn thai without learning the script | why does thai have no spaces between words,,How many letters are in the Thai alphabet? | How do Thai tone rules work? | Why is there no space between Thai words? | Is it worth learning the Thai script or should I use romanisation? | How many letters does the Thai alphabet have? | Can I learn Thai without learning the script? | Why does Thai writing have no spaces? | Is Regal - Learn Thai Language free?,informational,unverified-medium,/apps/learn-thai/ | /blog/learn-cantonese-beginners-guide/ | /blog/learn-khmer-beginners-guide/ | /blog/learn-malay-beginners-guide/ | /blog/category/language-learning/,UNVERIFIED — needs Keyword Planner / Semrush / Ahrefs
learn-vietnamese-beginners-guide,/blog/learn-vietnamese-beginners-guide/,published,language-learning,learn-vietnamese,learn vietnamese for beginners,vietnamese for english speakers | vietnamese beginner course | how to start learning vietnamese | vietnamese study plan | vietnamese basics,what should i learn first in vietnamese | how hard is the vietnamese alphabet | do i need to learn vietnamese tones first | how long until i can hold a basic vietnamese conversation,,How do you start learning Vietnamese as a beginner? | Do you need to learn Vietnamese tones from the beginning? | Is the Vietnamese alphabet difficult for English speakers? | What should a Vietnamese study plan look like in month one? | Is Vietnamese hard for English speakers? | Do I need to learn the tones from the start? | Is the alphabet difficult? | How much grammar is there? | How long before I can have a basic conversation?,informational,unverified-medium,/apps/learn-vietnamese/ | /apps/learn-thai/ | /blog/vietnamese-tones-explained/ | /blog/vietnamese-alphabet-explained/ | /blog/what-is-a-tonal-language/ | /blog/learn-thai-script-beginners-guide/ | /blog/category/language-learning/,UNVERIFIED — needs Keyword Planner / Semrush / Ahrefs
learning-a-language-without-a-teacher,/blog/learning-a-language-without-a-teacher/,published,language-learning,learn-malay,how to learn a language alone,self study language plan | learning a language without lessons | language study routine | self taught language learner | language exchange,can you learn a language on your own | what can a teacher do that an app cannot | how do you get speaking practice alone | how to build a language study routine,,Can you learn a language without a teacher? | What can a teacher do that self-study cannot? | How do you get speaking practice without lessons? | How should a self-study routine be structured? | Can you actually learn a language alone? | What does a teacher provide that an app cannot? | Does the method matter much?,informational,unverified-medium,/apps/learn-malay/ | /apps/learn-cambodian-khmer/ | /apps/learn-italian/ | /blog/comprehensible-input-explained/ | /blog/shadowing-technique-explained/ | /blog/listening-practice-in-a-new-language/ | /blog/spaced-repetition-for-language-learning/ | /blog/category/language-learning/,UNVERIFIED — needs Keyword Planner / Semrush / Ahrefs
listening-practice-in-a-new-language,/blog/listening-practice-in-a-new-language/,published,language-learning,learn-thai,how to improve listening in a foreign language,listening comprehension practice | why is listening harder than reading | speech segmentation language | passive listening effectiveness | dictation practice language,why can i read but not understand speech | does passive listening work for language learning | how do you learn to hear word boundaries | what is dictation practice good for,,How do you improve listening comprehension in a foreign language? | Why is listening harder than reading? | Does passive listening work? | What is speech segmentation? | Why can I read a language but not understand it spoken? | What is segmentation? | Is it better to listen to many things once or one thing many times? | What is dictation good for?,informational,unverified-medium,/apps/learn-thai/ | /apps/learn-vietnamese/ | /apps/learn-italian/ | /blog/comprehensible-input-explained/ | /blog/shadowing-technique-explained/ | /blog/language-learning-plateau/ | /blog/what-is-a-tonal-language/ | /blog/category/language-learning/,UNVERIFIED — needs Keyword Planner / Semrush / Ahrefs
malay-pronunciation-guide,/blog/malay-pronunciation-guide/,published,language-learning,learn-malay,malay pronunciation guide,how to pronounce malay words | malay vowels | malay letter e schwa | malay consonant digraphs | bahasa melayu pronunciation | is malay phonetic,how do you pronounce the letter e in malay | why is malay final k a glottal stop | is malay spelling phonetic | how to sound less english when speaking malay,,How do you pronounce the letter e in Malay? | Is Malay spelling phonetic? | How is the letter c pronounced in Malay? | Why does Malay sound so even compared to English? | How is c pronounced in Malay? | Why does a final k sound like nothing at all? | Should I pronounce final a as ah or as uh? | Does Learn Malay - Bahasa Melayu cover pronunciation?,informational,unverified-medium,/apps/learn-malay/ | /blog/learn-malay-beginners-guide/ | /blog/malay-vs-indonesian-differences/ | /blog/spaced-repetition-for-language-learning/ | /blog/category/language-learning/,UNVERIFIED — needs Keyword Planner / Semrush / Ahrefs
malay-vs-indonesian-differences,/blog/malay-vs-indonesian-differences/,published,language-learning,learn-malay,malay vs indonesian,difference between malay and indonesian | is bahasa melayu the same as bahasa indonesia | malay indonesian mutual intelligibility | malay indonesian false friends | which should i learn malay or indonesian | standard malay bahasa melayu,can malaysians understand indonesians | malay and indonesian words that mean different things | why do malay and indonesian spell words differently | is indonesian a dialect of malay,,"What is the difference between Malay and Indonesian? | Can Malaysians and Indonesians understand each other? | Is Indonesian just a form of Malay? | Should I learn Malay or Indonesian? | Are Malay and Indonesian the same language? | Why do Malay and Indonesian spell things differently? | Which should I learn, Malay or Indonesian? | Are there Malay words that mean something else in Indonesian? | Which does Learn Malay - Bahasa Melayu teach?",informational,unverified-high,/apps/learn-malay/ | /blog/learn-malay-beginners-guide/ | /blog/spaced-repetition-for-language-learning/ | /blog/russian-cases-explained-for-beginners/ | /blog/category/language-learning/,UNVERIFIED — needs Keyword Planner / Semrush / Ahrefs
russian-cases-explained-for-beginners,/blog/russian-cases-explained-for-beginners/,published,language-learning,learn-russian,russian cases explained,six russian cases | russian grammar for beginners | russian genitive case | russian prepositional case | russian accusative animate | how to learn russian cases,what are the six cases in russian | why does russian have cases | how do i know which russian case to use | russian cases in order of usefulness,,What are the six cases in Russian? | What does the genitive case do in Russian? | Why does the Russian accusative sometimes look like the genitive? | In what order should I learn the Russian cases? | What are the six Russian cases? | Why does Russian have cases at all? | Why does the accusative sometimes look like the genitive? | Which case should I learn first? | Do I need to memorise the declension tables? | How does Regal - Learn Russian Language handle cases?,informational,unverified-high,/apps/learn-russian/ | /blog/learn-russian-cyrillic-beginners-guide/ | /blog/spaced-repetition-for-language-learning/ | /blog/malay-vs-indonesian-differences/ | /blog/category/language-learning/,UNVERIFIED — needs Keyword Planner / Semrush / Ahrefs
shadowing-technique-explained,/blog/shadowing-technique-explained/,published,language-learning,learn-italian,shadowing technique language learning,how to shadow a language | shadowing pronunciation practice | speech shadowing method | improve accent shadowing | language speaking practice alone,how do you practise shadowing | does shadowing improve pronunciation | what material should you shadow | can shadowing reinforce bad habits,,What is the shadowing technique? | How do you practise shadowing? | Does shadowing improve pronunciation? | Can shadowing reinforce mistakes? | What is shadowing? | What does shadowing actually train? | What material should I shadow? | Is shadowing enough on its own?,informational,unverified-medium,/apps/learn-italian/ | /apps/learn-cantonese/ | /apps/learn-vietnamese/ | /blog/comprehensible-input-explained/ | /blog/listening-practice-in-a-new-language/ | /blog/what-is-a-tonal-language/ | /blog/learning-a-language-without-a-teacher/ | /blog/category/language-learning/,UNVERIFIED — needs Keyword Planner / Semrush / Ahrefs
spaced-repetition-for-language-learning,/blog/spaced-repetition-for-language-learning/,published,language-learning,learn-cantonese,spaced repetition language learning,spaced repetition vocabulary | how spaced repetition works | retrieval practice language learning | best way to review vocabulary | spacing effect study method | flashcards for language learning,does spaced repetition actually work for languages | what is the best spaced repetition interval | spaced repetition vs cramming vocabulary | how many words should i review a day | why do i forget vocabulary i already learned,,What is spaced repetition and does it work? | What is the difference between spaced repetition and flashcards? | How often should I review vocabulary? | Why do I keep forgetting words I already studied? | Is spaced repetition better than cramming? | What is spaced repetition? | What is the ideal spaced repetition interval? | Do Reign Creative apps use a spaced repetition algorithm? | How many words should I review per day?,informational,unverified-medium,/apps/learn-cantonese/ | /apps/learn-russian/ | /apps/learn-cambodian-khmer/ | /blog/learn-cantonese-beginners-guide/ | /blog/learn-russian-cyrillic-beginners-guide/ | /blog/russian-cases-explained-for-beginners/ | /blog/category/language-learning/,UNVERIFIED — needs Keyword Planner / Semrush / Ahrefs
thai-tones-explained,/blog/thai-tones-explained/,published,language-learning,learn-thai,thai tones explained,thai tone rules | thai tone marks | how many tones does thai have | thai consonant classes | live and dead syllables thai | thai pronunciation for beginners,why does thai have 5 tones but 4 tone marks | how do i know what tone a thai word is | what is a dead syllable in thai | thai high mid low consonant classes explained,,How many tones does Thai have? | How do Thai tone rules work? | Why does Thai have four tone marks but five tones? | What is the difference between a live and a dead syllable in Thai? | Why are there four tone marks for five tones? | What is a dead syllable in Thai? | Can I just memorise tones word by word and skip the rules? | Does romanised Thai show tone? | Does Regal - Learn Thai Language teach tones separately?,informational,unverified-medium,/apps/learn-thai/ | /blog/learn-thai-script-beginners-guide/ | /blog/is-thai-hard-to-learn/ | /blog/cantonese-tones-explained/ | /blog/category/language-learning/,UNVERIFIED — needs Keyword Planner / Semrush / Ahrefs
vietnamese-alphabet-explained,/blog/vietnamese-alphabet-explained/,published,language-learning,learn-vietnamese,vietnamese alphabet,chu quoc ngu | vietnamese letters | vietnamese diacritics explained | vietnamese vowel marks | typing vietnamese,how many letters are in the vietnamese alphabet | why does vietnamese use latin letters | what is the difference between a and ă and â | how do you type vietnamese diacritics,,"How many letters does the Vietnamese alphabet have? | Why is Vietnamese written in Latin script? | What is the difference between a, ă and â? | How do you type Vietnamese diacritics? | How many letters are in the Vietnamese alphabet? | Are f, j, w and z used? | How do you type Vietnamese?",informational,unverified-medium,/apps/learn-vietnamese/ | /apps/learn-lao/ | /blog/learn-vietnamese-beginners-guide/ | /blog/vietnamese-tones-explained/ | /blog/lao-alphabet-explained/ | /blog/khmer-script-explained/ | /blog/category/language-learning/,UNVERIFIED — needs Keyword Planner / Semrush / Ahrefs
vietnamese-pronouns-explained,/blog/vietnamese-pronouns-explained/,published,language-learning,learn-vietnamese,vietnamese pronouns,vietnamese forms of address | how to say i in vietnamese | vietnamese kinship terms | vietnamese politeness | vietnamese tôi meaning,why does vietnamese have so many words for you | how do you choose a vietnamese pronoun | is tôi rude in vietnamese | what happens if you use the wrong vietnamese pronoun,,How do Vietnamese pronouns work? | Why does Vietnamese have so many words for 'you'? | Is 'tôi' the normal word for 'I' in Vietnamese? | What happens if a learner uses the wrong pronoun? | Can the same word mean both 'I' and 'you'? | Is 'tôi' safe to use? | What happens if I get it wrong? | How should a beginner approach this?,informational,unverified-medium,/apps/learn-vietnamese/ | /blog/learn-vietnamese-beginners-guide/ | /blog/vietnamese-tones-explained/ | /blog/cantonese-vs-mandarin-differences/ | /blog/learn-khmer-beginners-guide/ | /blog/category/language-learning/,UNVERIFIED — needs Keyword Planner / Semrush / Ahrefs
vietnamese-tones-explained,/blog/vietnamese-tones-explained/,published,language-learning,learn-vietnamese,vietnamese tones explained,how many tones does vietnamese have | vietnamese tone marks | vietnamese pronunciation tones | northern vs southern vietnamese tones | vietnamese diacritics,how many tones are there in vietnamese | what do the vietnamese tone marks look like | do southern and northern vietnamese have different tones | how do you practise vietnamese tones alone,,How many tones does Vietnamese have? | What are the Vietnamese tone marks? | Do northern and southern Vietnamese have the same tones? | How can you practise Vietnamese tones without a teacher? | What are the tone marks? | Are the tones just pitch? | Do northern and southern speakers use the same tones? | How do I practise tones without a teacher?,informational,unverified-medium,/apps/learn-vietnamese/ | /apps/learn-cantonese/ | /blog/learn-vietnamese-beginners-guide/ | /blog/what-is-a-tonal-language/ | /blog/vietnamese-alphabet-explained/ | /blog/cantonese-tones-explained/ | /blog/category/language-learning/,UNVERIFIED — needs Keyword Planner / Semrush / Ahrefs
what-is-a-tonal-language,/blog/what-is-a-tonal-language/,published,language-learning,learn-vietnamese,what is a tonal language,tonal language examples | how tones work in language | pitch accent vs tone | learning tones as an adult | tone perception training,which languages are tonal | is english a tonal language | can adults learn tones | what is the difference between tone and intonation,,What is a tonal language? | Which languages are tonal? | What is the difference between tone and intonation? | Can adults learn to hear tones? | What makes a language tonal? | Is English a tonal language? | Is tone just pitch? | Can an adult learn to hear tones?,informational,unverified-medium,/apps/learn-vietnamese/ | /apps/learn-cantonese/ | /apps/learn-thai/ | /blog/vietnamese-tones-explained/ | /blog/cantonese-tones-explained/ | /blog/thai-tones-explained/ | /blog/learn-lao-beginners-guide/ | /blog/category/language-learning/,UNVERIFIED — needs Keyword Planner / Semrush / Ahrefs
baseball-career-sim-guide,/blog/baseball-career-sim-guide/,published,sports-gm,baseball-career-sim,baseball career sim game,baseball career mode android | baseball player simulator | two way player career | baseball career game offline | pitcher career mode,what position should i pick in a baseball career sim | how does a baseball career sim decide at bats | can you play as a pitcher in a baseball career game | how long is a career in baseball career sim,,"What is Baseball Career Sim 2026 and how does it work? | Which position should a beginner choose in a baseball career sim? | Does a baseball career sim let you play as a pitcher? | How do development and training work in a baseball career game? | What is Baseball Career Sim 2026? | Which position should I pick first? | Can I play as a pitcher? | Does it use real players, teams or leagues? | How long does a career take? | Is it free?",informational,unverified-medium,/apps/baseball-career-sim/ | /apps/baseball-draft-gm-team/ | /blog/baseball-stats-explained-for-beginners/ | /blog/baseball-draft-gm-guide/ | /blog/basketball-career-sim-guide/ | /blog/career-mode-vs-franchise-mode/ | /blog/category/sports-gm/,UNVERIFIED — needs Keyword Planner / Semrush / Ahrefs
baseball-draft-gm-guide,/blog/baseball-draft-gm-guide/,published,sports-gm,baseball-draft-gm-team,baseball draft simulator app,baseball gm game android | baseball draft game offline | what does whip mean in baseball | baseball franchise manager mobile | 162 game season simulator | stat based baseball draft,how to compare pitchers by era and whip | what is a projected season record in a sim | baseball draft game with payroll limit | is war a reliable stat for drafting,,What is the difference between ERA and WHIP? | What does WAR measure in baseball? | How does a baseball simulator project a season record? | Why does stacking star players not work in a draft game? | What does WAR actually measure? | How does the simulator produce a projected record? | Is a perfect 162-0 season achievable? | Is there online multiplayer? | Is it connected to a real baseball league?,informational,unverified-medium,/apps/baseball-draft-gm-team/ | /apps/hockey-draft-gm-manager/ | /blog/basketball-draft-gm-guide/ | /blog/hockey-draft-gm-guide/ | /blog/football-draft-gm-guide/ | /blog/category/sports-gm/,UNVERIFIED — needs Keyword Planner / Semrush / Ahrefs
baseball-pitching-roles-explained,/blog/baseball-pitching-roles-explained/,published,sports-gm,baseball-career-sim,starter vs reliever vs closer,baseball pitching roles | what does a closer do | bullpen roles explained | middle reliever meaning | pitch count explained,what is the difference between a starter and a reliever | why do closers only pitch one inning | what is a setup man in baseball | how many pitches does a starter throw,,What is the difference between a starting pitcher and a reliever? | What does a closer do and why only one inning? | How is a bullpen structured? | What is leverage in baseball pitching? | What is the difference between a starter and a reliever? | Why does a closer usually pitch only one inning? | What is a setup man? | What is a pitch count? | Which role is best in a career simulation?,informational,unverified-medium,/apps/baseball-career-sim/ | /apps/baseball-draft-gm-team/ | /blog/baseball-stats-explained-for-beginners/ | /blog/two-way-players-explained/ | /blog/baseball-career-sim-guide/ | /blog/baseball-draft-gm-guide/ | /blog/category/sports-gm/,UNVERIFIED — needs Keyword Planner / Semrush / Ahrefs
baseball-stats-explained-for-beginners,/blog/baseball-stats-explained-for-beginners/,published,sports-gm,baseball-draft-gm-team,baseball stats explained,what is era in baseball | what is whip in baseball | on base percentage formula | slugging percentage explained | what does war mean in baseball | fielding percentage formula,how do you calculate era in baseball | what is a good whip for a pitcher | difference between batting average and on base percentage | why is war different on different websites,,How is ERA calculated in baseball? | What is the difference between OBP and batting average? | What does WAR measure in baseball? | Why is fielding percentage a limited statistic? | How is ERA calculated? | What is the difference between batting average and on-base percentage? | What does WAR actually measure? | Why is fielding percentage considered limited? | How does 162-0 Baseball Draft & GM Team use these statistics? | Are the players in the game real?,informational,unverified-high,/apps/baseball-draft-gm-team/ | /blog/baseball-draft-gm-guide/ | /blog/basketball-positions-explained/ | /blog/how-to-build-a-balanced-basketball-roster/ | /blog/category/sports-gm/,UNVERIFIED — needs Keyword Planner / Semrush / Ahrefs
basketball-advanced-stats-explained,/blog/basketball-advanced-stats-explained/,published,sports-gm,pro-basketball-draft-gm-mode,basketball advanced stats explained,true shooting percentage | usage rate basketball | per possession stats | rebound rate explained | pace adjusted stats,what is true shooting percentage | why are per game stats misleading | what does usage rate mean | how do you compare players on different teams,,What are basketball advanced stats? | What is true shooting percentage? | Why are per-game statistics misleading? | What does usage rate measure? | What problem do advanced statistics solve? | What is usage rate? | Why use rate statistics instead of totals? | What do advanced statistics still miss?,informational,unverified-medium,/apps/pro-basketball-draft-gm-mode/ | /apps/pro-basketball-my-career-sim/ | /blog/basketball-positions-explained/ | /blog/how-to-build-a-balanced-basketball-roster/ | /blog/basketball-draft-gm-guide/ | /blog/plus-minus-and-hockey-stats/ | /blog/category/sports-gm/,UNVERIFIED — needs Keyword Planner / Semrush / Ahrefs
basketball-career-sim-guide,/blog/basketball-career-sim-guide/,published,sports-gm,pro-basketball-my-career-sim,basketball career sim game,basketball my career mode android | create a player basketball game | offline basketball rpg | basketball career mode no wifi | text based basketball simulation | basketball player progression game,basketball career game where you make the decisions | career sim that works offline android | what is a legacy score in a career mode | basketball game without arcade controls,,What is the difference between a career sim and a GM game? | Is there a basketball career game that works offline? | Do early decisions in a career sim affect later seasons? | What do you actually control in a basketball career simulator? | What do you actually control during a game? | Do early career decisions actually matter later? | Does it work without an internet connection? | Is the money in the game real? | Is it based on real players or a real league?,informational,unverified-medium,/apps/pro-basketball-my-career-sim/ | /apps/pro-basketball-draft-gm-mode/ | /blog/basketball-draft-gm-guide/ | /blog/football-draft-gm-guide/ | /blog/soccer-draft-xi-guide/ | /blog/category/sports-gm/,UNVERIFIED — needs Keyword Planner / Semrush / Ahrefs
basketball-draft-gm-guide,/blog/basketball-draft-gm-guide/,published,sports-gm,pro-basketball-draft-gm-mode,basketball draft simulator app,basketball gm game android | fantasy basketball draft simulator | salary cap draft game | 82 game season simulator | basketball franchise mode app | offline basketball manager game,how does a draft simulator decide the season result | best free basketball gm game for android | should i draft best player available or by position | what is positional scarcity in fantasy drafting,,How does a basketball draft simulator calculate a season record? | Is best player available better than drafting for need? | What is a salary cap draft format? | Are basketball draft simulator games based on real players? | How does a basketball draft simulator decide my season record? | Should I draft the best player available or draft for need? | What is a salary cap draft? | Do these games use real players and real teams? | Does the app cost anything? | How long does one run take?,informational,unverified-high,/apps/pro-basketball-draft-gm-mode/ | /apps/pro-basketball-my-career-sim/ | /blog/football-draft-gm-guide/ | /blog/baseball-draft-gm-guide/ | /blog/hockey-draft-gm-guide/ | /blog/basketball-career-sim-guide/ | /blog/category/sports-gm/,UNVERIFIED — needs Keyword Planner / Semrush / Ahrefs
basketball-positions-explained,/blog/basketball-positions-explained/,published,sports-gm,pro-basketball-my-career-sim,basketball positions explained,what does a point guard do | basketball positions 1 through 5 | difference between power forward and center | what is a small forward | positionless basketball | basketball position numbers,what are the five positions in basketball | why are basketball positions numbered 1 to 5 | what is the difference between a shooting guard and a small forward | do basketball positions still matter,,What are the five basketball positions and what does each one do? | Why are basketball positions numbered 1 through 5? | What is positionless basketball? | What is the difference between a power forward and a centre? | What are the five basketball positions? | Does the rulebook define positions? | How does position work in Basketball Career Sim? | Is the game based on real players or a real league?,informational,unverified-high,/apps/pro-basketball-my-career-sim/ | /apps/pro-basketball-draft-gm-mode/ | /blog/how-to-build-a-balanced-basketball-roster/ | /blog/basketball-career-sim-guide/ | /blog/soccer-formations-explained/ | /blog/category/sports-gm/,UNVERIFIED — needs Keyword Planner / Semrush / Ahrefs
batting-order-strategy-explained,/blog/batting-order-strategy-explained/,published,sports-gm,baseball-draft-gm-team,how a batting order works,baseball lineup spots explained | leadoff hitter role | cleanup hitter meaning | lineup optimisation baseball | batting order strategy,what does the leadoff hitter do | why is the cleanup spot fourth | does batting order actually matter | how many plate appearances does each lineup spot get,,How does a baseball batting order work? | What is a leadoff hitter for? | Does batting order actually change how many runs a team scores? | How should you set a lineup in a baseball simulation? | How does a batting order work? | Does batting order actually matter? | How many extra plate appearances does the leadoff spot get? | How should I set a lineup in a simulation?,informational,unverified-medium,/apps/baseball-draft-gm-team/ | /apps/baseball-career-sim/ | /blog/baseball-stats-explained-for-beginners/ | /blog/baseball-pitching-roles-explained/ | /blog/baseball-draft-gm-guide/ | /blog/how-to-build-a-balanced-basketball-roster/ | /blog/category/sports-gm/,UNVERIFIED — needs Keyword Planner / Semrush / Ahrefs
best-offline-sports-games-android,/blog/best-offline-sports-games-android/,published,sports-gm,football-draft-gm-mode,offline sports games android,sports games that work without wifi | offline manager game android | no internet sports game | android games no account required | how to test if an app works offline | google play data safety section,how do i check if an android game works without internet | why do offline games still ask for a connection | do ad supported games work in airplane mode | sports management games that do not need an account,,How can I tell whether an Android game works offline before installing it? | Why do some offline games still require an internet connection? | What does the Data safety section on Google Play tell me? | Which kinds of sports games are most likely to work without a connection? | How can I tell if an Android game works offline before I install it? | Why does a game described as offline still want a connection? | What is the Data safety section on Google Play? | Do ad-supported games work without a connection? | Are your sports games connected to real leagues?,informational,unverified-high,/apps/football-draft-gm-mode/ | /apps/pro-basketball-my-career-sim/ | /apps/baseball-draft-gm-team/ | /blog/how-sports-simulation-engines-work/ | /blog/what-makes-a-good-draft-board/ | /blog/basketball-career-sim-guide/ | /blog/football-draft-gm-guide/ | /blog/category/sports-gm/,UNVERIFIED — needs Keyword Planner / Semrush / Ahrefs
best-sports-manager-games-for-short-sessions,/blog/best-sports-manager-games-for-short-sessions/,published,sports-gm,soccer-draft-gm-xi,sports manager games for phone,short session management games | quick sports sim android | draft simulator app | mobile football manager alternative | games for a commute | sports gm game five minutes,sports management games you can play in five minutes | best manager game for a commute android | management games without energy timers | quick draft games for phone,,"Are there sports management games that work in short sessions? | Why do football manager style games feel bad on a phone? | What is a closed loop in game design? | Which sports game mode is quickest to finish? | What makes a management game work in a short session? | Why do deep management games feel bad on a phone? | What is the quickest complete session in a sports management game? | How do I test a manager game before committing to it? | Do these games cost anything? | Are they based on real leagues, clubs or players?",informational,unverified-high,/apps/soccer-draft-gm-xi/ | /apps/football-draft-gm-mode/ | /apps/hockey-draft-gm-manager/ | /blog/soccer-draft-xi-guide/ | /blog/sports-gm-games-without-internet/ | /blog/career-mode-vs-franchise-mode/ | /blog/soccer-formations-explained/ | /blog/category/sports-gm/,UNVERIFIED — needs Keyword Planner / Semrush / Ahrefs
boxing-scoring-explained,/blog/boxing-scoring-explained/,published,sports-gm,mma-boxing-fight-draft,how boxing scoring works,10 point must system explained | what is a 10-8 round in boxing | boxing judges scoring criteria | how are boxing rounds scored | split decision vs majority decision | boxing scorecard explained,when do judges score a round 10-8 in boxing | what do boxing judges actually look for | does a knockdown automatically mean a 10-8 round | what does 120-108 mean on a boxing scorecard,,"What is the 10-point must system in boxing? | What makes a round a 10-8 instead of a 10-9? | What criteria do boxing judges use? | How is a split decision different from a majority decision? | What is the 10-point must system? | When is a round scored 10-8? | Does a knockdown always mean the round is 10-8? | What are judges actually looking at? | What is the difference between a unanimous, split and majority decision? | Does the boxing simulator in a draft game use real fighters?",informational,unverified-high,/apps/mma-boxing-fight-draft/ | /blog/mma-boxing-fight-draft-guide/ | /blog/basketball-positions-explained/ | /blog/baseball-stats-explained-for-beginners/ | /blog/category/sports-gm/,UNVERIFIED — needs Keyword Planner / Semrush / Ahrefs
career-mode-vs-franchise-mode,/blog/career-mode-vs-franchise-mode/,published,sports-gm,pro-basketball-my-career-sim,career mode vs franchise mode,what is franchise mode | what is career mode in sports games | gm mode vs my career | sports management game types | player career simulator | front office sports game,should i play career mode or franchise mode | difference between gm mode and career mode | which sports game mode has more decisions | why do career modes feel slower than franchise modes,,"What is the difference between career mode and franchise mode? | Which sports game mode is better for short play sessions? | Does career mode or franchise mode have more replay value? | What is GM mode in a sports game? | Which one has more decisions? | Which is better for short sessions? | What is GM mode, and is it the same as franchise mode? | Do these games use real players, teams or leagues?",informational,unverified-medium,/apps/pro-basketball-my-career-sim/ | /apps/pro-basketball-draft-gm-mode/ | /blog/basketball-career-sim-guide/ | /blog/basketball-draft-gm-guide/ | /blog/sports-gm-games-without-internet/ | /blog/best-sports-manager-games-for-short-sessions/ | /blog/category/sports-gm/,UNVERIFIED — needs Keyword Planner / Semrush / Ahrefs
career-sim-vs-manager-game,/blog/career-sim-vs-manager-game/,published,sports-gm,baseball-career-sim,career mode vs manager mode,player career vs team management | sports game formats | which sports game format | manager game explained | sports sim comparison,should i play a career sim or a manager game | which sports game format is better for short sessions | what is the difference between a career sim and a manager game | do manager games have more replay value,,What is the difference between a career sim and a manager game? | Which sports game format suits short sessions? | Which format has more replay value? | Which format should a beginner start with? | Which format suits short sessions better? | Which has more replay value? | Which should a beginner start with? | Do these games predict real results?,commercial,unverified-medium,/apps/baseball-career-sim/ | /apps/baseball-draft-gm-team/ | /apps/golf-career-simulator/ | /blog/career-mode-vs-franchise-mode/ | /blog/how-player-career-modes-work/ | /blog/best-sports-manager-games-for-short-sessions/ | /blog/golf-career-sim-guide/ | /blog/category/sports-gm/,UNVERIFIED — needs Keyword Planner / Semrush / Ahrefs
clean-sheets-explained,/blog/clean-sheets-explained/,published,sports-gm,soccer-draft-gm-xi,what is a clean sheet,clean sheet meaning soccer | shutout football | goalkeeper clean sheets | defensive record football | goals conceded stat,does a goalkeeper get a clean sheet if substituted | is a clean sheet a good measure of a defence | what is the difference between a clean sheet and a shutout | how are clean sheets counted in a season,,What is a clean sheet in soccer? | Is a clean sheet a good measure of defensive quality? | Who gets credited with a clean sheet? | What should you read alongside clean sheets? | What is a clean sheet? | Does a substituted goalkeeper get a clean sheet? | Is a clean sheet a good measure of a defence? | What should I read alongside it? | Why do goalkeepers get credited?,informational,unverified-medium,/apps/soccer-draft-gm-xi/ | /apps/soccer-career-sim-xi/ | /blog/goal-difference-and-tiebreakers/ | /blog/soccer-positions-explained/ | /blog/how-soccer-league-tables-work/ | /blog/soccer-career-sim-guide/ | /blog/category/sports-gm/,UNVERIFIED — needs Keyword Planner / Semrush / Ahrefs
coach-trust-and-playing-time,/blog/coach-trust-and-playing-time/,published,sports-gm,soccer-career-sim-xi,how to get more playing time in career mode,coach trust explained | depth chart career mode | career mode not starting | sports game playing time | rotation player career,why am i not starting in career mode | how does coach trust work | should i transfer to get playing time | does consistency matter more than big performances,,How do you get more playing time in a sports career mode? | What is coach trust and how does it change? | Why is my player not starting despite high ratings? | Is it better to move club for minutes? | Why is my player not starting despite good ratings? | How do trust systems actually move? | Should I transfer to get playing time? | When should I start taking risks? | Does off-field activity affect selection?,informational,unverified-medium,/apps/soccer-career-sim-xi/ | /apps/football-career-sim/ | /apps/hockey-career-sim/ | /blog/how-player-career-modes-work/ | /blog/soccer-career-sim-guide/ | /blog/football-career-sim-guide/ | /blog/injuries-in-sports-career-games/ | /blog/category/sports-gm/,UNVERIFIED — needs Keyword Planner / Semrush / Ahrefs
depth-charts-explained,/blog/depth-charts-explained/,published,sports-gm,football-draft-gm-mode,depth chart explained,what is a depth chart | roster depth meaning | backup player value | rotation vs depth chart | positional depth,what does depth chart mean in sports | how much does a backup player matter | how do depth charts differ between sports | how do you fix a thin roster,,What is a depth chart? | How much does a backup player actually matter? | How do depth charts differ between sports? | How should a general manager use a depth chart? | How much does a backup matter? | What is the most common roster-building mistake? | How should I read my own depth chart?,informational,unverified-medium,/apps/football-draft-gm-mode/ | /apps/pro-basketball-draft-gm-mode/ | /blog/how-to-build-a-balanced-basketball-roster/ | /blog/rebuild-vs-retool/ | /blog/coach-trust-and-playing-time/ | /blog/what-makes-a-good-draft-board/ | /blog/category/sports-gm/,UNVERIFIED — needs Keyword Planner / Semrush / Ahrefs
expansion-drafts-explained,/blog/expansion-drafts-explained/,published,sports-gm,hockey-draft-gm-manager,expansion draft explained,protection list expansion draft | how new teams get players | expansion team roster | unprotected players draft | league expansion rules,how does an expansion draft work | what is a protection list | why are some expansion teams good immediately | how many players can a team protect,,How does an expansion draft work? | What is a protection list? | Why are some expansion teams competitive immediately? | How do leagues decide expansion draft rules? | What is an expansion draft? | Why are some expansion teams competitive straight away? | Why would a team leave a good player unprotected? | What is the best strategy for the expansion team?,informational,unverified-medium,/apps/hockey-draft-gm-manager/ | /apps/pro-basketball-draft-gm-mode/ | /blog/how-draft-lotteries-work/ | /blog/rebuild-vs-retool/ | /blog/salary-cap-basics-for-gm-games/ | /blog/what-makes-a-good-draft-board/ | /blog/category/sports-gm/,UNVERIFIED — needs Keyword Planner / Semrush / Ahrefs
football-career-sim-guide,/blog/football-career-sim-guide/,published,sports-gm,football-career-sim,football career sim game,quarterback career mode android | football career simulator | pocket passer vs dual threat | football career mode offline | quarterback game android,which quarterback archetype is best for a first career | how do audibles work in a football career sim | does clock management matter in a football simulation | how do you win the starting job in a football career game,,What is Football Career Sim 2026? | Which quarterback archetype should a beginner choose? | How do in-game decisions work in a football career simulator? | Can you play a position other than quarterback? | Can I play a position other than quarterback? | Which archetype is best for a first career? | Does it use real teams or players? | Do I have to play every snap? | Is it free?,informational,unverified-medium,/apps/football-career-sim/ | /apps/football-draft-gm-mode/ | /blog/football-positions-explained-for-drafting/ | /blog/football-draft-gm-guide/ | /blog/baseball-career-sim-guide/ | /blog/career-mode-vs-franchise-mode/ | /blog/category/sports-gm/,UNVERIFIED — needs Keyword Planner / Semrush / Ahrefs
football-draft-gm-guide,/blog/football-draft-gm-guide/,published,sports-gm,football-draft-gm-mode,football draft simulator app,football gm game android | fantasy football draft simulator offline | salary cap football draft | football franchise mode mobile | perfect season football game | football roster builder app,football draft game with no refreshes | how does a football season simulator work | best offline football manager game android | what is a limited draft format,,How does a football draft simulator calculate a season record? | What is the difference between an unlimited and a limited draft? | Are football draft simulator games connected to a real league? | How should you spend a salary cap in a draft game? | What does a football draft simulator actually simulate? | What is the difference between Unlimited and Limited Draft? | What does 20-0 mean? | Is the game connected to a real football league? | Is there anything beyond one-off drafting? | Does it cost anything to play?,informational,unverified-high,/apps/football-draft-gm-mode/ | /apps/pro-basketball-draft-gm-mode/ | /blog/basketball-draft-gm-guide/ | /blog/baseball-draft-gm-guide/ | /blog/soccer-draft-xi-guide/ | /blog/category/sports-gm/,UNVERIFIED — needs Keyword Planner / Semrush / Ahrefs
football-positions-explained-for-drafting,/blog/football-positions-explained-for-drafting/,published,sports-gm,football-draft-gm-mode,football positions explained,american football positions list | what does a tight end do | offensive line positions explained | defensive positions in football | football position abbreviations | positional value in a football draft,what does each football position do for beginners | which football positions matter most in a draft | difference between a guard and a tackle in football | what is the difference between a free safety and a strong safety,,What are all the positions in American football? | What does an offensive tackle actually do? | Which football positions are hardest to replace? | How many players are on the field for each team in football? | How many players from each team are on the field in American football? | What is the difference between a guard and a tackle? | Why is the tight end considered a difficult position to fill? | Which positions do drafters underrate most often? | Does a draft simulator use real football players and teams?,informational,unverified-high,/apps/football-draft-gm-mode/ | /apps/baseball-draft-gm-team/ | /blog/football-draft-gm-guide/ | /blog/hockey-positions-explained/ | /blog/soccer-formations-explained/ | /blog/best-sports-manager-games-for-short-sessions/ | /blog/category/sports-gm/,UNVERIFIED — needs Keyword Planner / Semrush / Ahrefs
free-agency-explained,/blog/free-agency-explained/,published,sports-gm,pro-basketball-draft-gm-mode,free agency explained,restricted vs unrestricted free agent | how free agency works | free agent signing strategy | why teams overpay free agents | contract year performance,what is a restricted free agent | why do free agents get overpaid | when should a gm sign a free agent | is free agency better than drafting,,How does free agency work in sports? | What is the difference between restricted and unrestricted free agency? | Why do free agents tend to be overpaid? | When should a general manager sign a free agent? | What is a free agent? | Why do free agents get overpaid? | When should a GM use free agency? | Is drafting better than signing free agents?,informational,unverified-medium,/apps/pro-basketball-draft-gm-mode/ | /apps/baseball-draft-gm-team/ | /blog/salary-cap-basics-for-gm-games/ | /blog/transfers-and-contracts-explained/ | /blog/rebuild-vs-retool/ | /blog/expansion-drafts-explained/ | /blog/category/sports-gm/,UNVERIFIED — needs Keyword Planner / Semrush / Ahrefs
goal-difference-and-tiebreakers,/blog/goal-difference-and-tiebreakers/,published,sports-gm,soccer-draft-gm-xi,goal difference tiebreaker,how is goal difference calculated | league table tiebreakers | head to head record | goals scored tiebreaker | playoff tiebreaker soccer,what happens if two teams have the same goal difference | is goal difference or head to head used first | does goal difference reward running up the score | how do league tables break ties,,"How is goal difference calculated? | What happens if two teams are level on goal difference? | Which tiebreaker comes first in a league table? | Why do competitions use different tiebreakers? | What happens if goal difference is level too? | Which is used first, goal difference or head-to-head? | Does goal difference encourage running up the score? | Why not just use head-to-head everywhere?",informational,unverified-medium,/apps/soccer-draft-gm-xi/ | /apps/soccer-career-sim-xi/ | /blog/how-soccer-league-tables-work/ | /blog/clean-sheets-explained/ | /blog/soccer-formations-explained/ | /blog/soccer-draft-xi-guide/ | /blog/category/sports-gm/,UNVERIFIED — needs Keyword Planner / Semrush / Ahrefs
golf-career-sim-guide,/blog/golf-career-sim-guide/,published,sports-gm,golf-career-simulator,golf career game,golf career simulator android | golf strategy game no swing meter | golf tour season game | golf simulation career mode | course management game,is there a golf game without a swing meter | how do cuts work in a golf career game | which golf skills should you train first | how do rankings work in a golf career simulator,,What is Golf Career Simulator Pro Tour? | Is there a golf game that uses decisions instead of swing timing? | How does a tournament cut work? | Which golf attributes matter most in a career simulator? | Is there really no swing meter? | Which skills should I train first? | How does a cut work? | Are the tours and golfers real? | Is it free?,informational,unverified-medium,/apps/golf-career-simulator/ | /apps/baseball-career-sim/ | /blog/understanding-sports-sim-probability/ | /blog/how-sports-simulation-engines-work/ | /blog/career-mode-vs-franchise-mode/ | /blog/best-sports-manager-games-for-short-sessions/ | /blog/category/sports-gm/,UNVERIFIED — needs Keyword Planner / Semrush / Ahrefs
golf-course-management-basics,/blog/golf-course-management-basics/,published,sports-gm,golf-career-simulator,golf course management strategy,golf strategy for beginners | when to attack a pin | short sided golf | risk reward golf holes | golf decision making,should i aim at the flag or the middle of the green | what does short sided mean in golf | when is it worth going for a par 5 in two | how do you avoid big numbers in golf,,What is course management in golf? | Should you aim at the pin or the centre of the green? | When is an aggressive line worth taking? | How do you avoid big scores on a hole? | What is course management? | Should I aim at the flag? | What does short-sided mean? | When is an aggressive line correct? | Does course management matter in a golf video game?,informational,unverified-medium,/apps/golf-career-simulator/ | /blog/golf-scoring-explained/ | /blog/how-a-golf-cut-works/ | /blog/golf-career-sim-guide/ | /blog/understanding-sports-sim-probability/ | /blog/category/sports-gm/,UNVERIFIED — needs Keyword Planner / Semrush / Ahrefs
golf-scoring-explained,/blog/golf-scoring-explained/,published,sports-gm,golf-career-simulator,how golf scoring works,what is par in golf | birdie bogey eagle meaning | stroke play vs match play | under par explained | golf tournament scoring,what does 4 under par mean | what is the difference between stroke play and match play | how is a golf tournament total calculated | what is an albatross in golf,,"How does golf scoring work? | What is par in golf? | What is the difference between stroke play and match play? | What does being under par mean? | What is par? | What do birdie, bogey and eagle mean? | How is a tournament total calculated? | What is a handicap?",informational,unverified-medium,/apps/golf-career-simulator/ | /blog/golf-career-sim-guide/ | /blog/how-a-golf-cut-works/ | /blog/golf-course-management-basics/ | /blog/understanding-sports-sim-probability/ | /blog/category/sports-gm/,UNVERIFIED — needs Keyword Planner / Semrush / Ahrefs
hockey-career-sim-guide,/blog/hockey-career-sim-guide/,published,sports-gm,hockey-career-sim,hockey career sim game,hockey career mode android | goalie career mode | offline hockey game android | hockey player simulator | hockey career progression,can you play as a goalie in a hockey career game | which hockey position is best for a first career | how does training work in a hockey career sim | is there an offline hockey career game for android,,What is Hockey Career Sim 2026? | Can you play as a goalie in a hockey career simulator? | Which attributes matter for each hockey position? | Does the game work offline? | Can I play as a goalie? | Which position is easiest to start with? | Are the leagues and players real? | Is it free?,informational,unverified-medium,/apps/hockey-career-sim/ | /apps/hockey-draft-gm-manager/ | /blog/hockey-positions-explained/ | /blog/hockey-line-combinations-explained/ | /blog/hockey-draft-gm-guide/ | /blog/baseball-career-sim-guide/ | /blog/category/sports-gm/,UNVERIFIED — needs Keyword Planner / Semrush / Ahrefs
hockey-draft-gm-guide,/blog/hockey-draft-gm-guide/,published,sports-gm,hockey-draft-gm-manager,hockey draft simulator app,hockey gm game android | hockey draft game offline | hockey franchise manager mobile | starting six roster builder | 84 game season projection | hockey lineup simulator,hockey draft game with no refreshes | how important is the goaltender in a hockey sim | how to balance scoring and defence in a draft | free hockey manager game for android,,What positions do you draft in a hockey draft simulator? | How does a hockey simulator project a season record? | Does a single weak position ruin a small roster? | What is the difference between unlimited and limited drafting? | Which positions do you draft? | Is the highest-rated roster always the best one? | How does the simulator produce a record? | What is the difference between Unlimited and Limited Draft? | What does Franchise GM Mode add? | Is it based on a real hockey league?,informational,unverified-medium,/apps/hockey-draft-gm-manager/ | /apps/baseball-draft-gm-team/ | /blog/baseball-draft-gm-guide/ | /blog/basketball-draft-gm-guide/ | /blog/mma-boxing-fight-draft-guide/ | /blog/category/sports-gm/,UNVERIFIED — needs Keyword Planner / Semrush / Ahrefs
hockey-goaltending-explained,/blog/hockey-goaltending-explained/,published,sports-gm,hockey-career-sim,hockey goalie position explained,goaltender role hockey | save percentage explained | goalie angles and depth | goalie career mode | hockey netminder basics,what does a hockey goalie actually control | is save percentage a good stat | how do goalies develop differently | can you play as a goalie in a hockey game,,What does a hockey goaltender do? | Is save percentage a good measure of goaltending? | How does angle and depth work for a goalie? | Can you play a goalie career in a hockey game? | What does a goaltender actually control? | Is save percentage a good statistic? | What is the trade-off in coming out of the net? | How does a goalie develop differently in a career game?,informational,unverified-medium,/apps/hockey-career-sim/ | /apps/hockey-draft-gm-manager/ | /blog/hockey-positions-explained/ | /blog/hockey-career-sim-guide/ | /blog/plus-minus-and-hockey-stats/ | /blog/hockey-line-combinations-explained/ | /blog/category/sports-gm/,UNVERIFIED — needs Keyword Planner / Semrush / Ahrefs
hockey-line-combinations-explained,/blog/hockey-line-combinations-explained/,published,sports-gm,hockey-draft-gm-manager,hockey line combinations,what is a forward line in hockey | hockey defence pairs explained | shutdown line hockey | line matching hockey | hockey power play units | why do coaches change lines,why do hockey coaches shuffle lines mid game | what is a checking line in hockey | how are hockey defence pairs put together | what does line chemistry mean in hockey,,What is a line in ice hockey? | Why do hockey teams have four forward lines? | What is line matching and why does it matter? | How are power play and penalty kill units different from regular lines? | Why do teams have four forward lines instead of just playing the best players? | What is line matching? | Why would a coach break up a line that is scoring? | How are power play units different from ordinary lines? | Do hockey draft games use real players and teams?,informational,unverified-medium,/apps/hockey-draft-gm-manager/ | /apps/football-draft-gm-mode/ | /blog/hockey-positions-explained/ | /blog/hockey-draft-gm-guide/ | /blog/football-positions-explained-for-drafting/ | /blog/sports-gm-games-without-internet/ | /blog/category/sports-gm/,UNVERIFIED — needs Keyword Planner / Semrush / Ahrefs
hockey-positions-explained,/blog/hockey-positions-explained/,published,sports-gm,hockey-draft-gm-manager,hockey positions explained,what does a centre do in hockey | hockey defenceman role | left wing vs right wing hockey | hockey goalie explained | ice hockey positions for beginners | two way forward meaning,what is the hardest position in hockey | what does a stay at home defenceman do | why do wingers play the off wing | how do you judge a goaltender in a draft,,What are the positions in ice hockey? | What is the difference between a centre and a winger? | What does a defenceman actually do in hockey? | Why is goaltending considered the most important position in hockey? | What makes centre the hardest forward position? | What is the difference between a stay-at-home and an offensive defenceman? | Why do some wingers play on their off side? | How much should a draft weight the goaltender? | Are these games connected to a real hockey league?,informational,unverified-medium,/apps/hockey-draft-gm-manager/ | /apps/football-draft-gm-mode/ | /blog/hockey-line-combinations-explained/ | /blog/hockey-draft-gm-guide/ | /blog/football-positions-explained-for-drafting/ | /blog/soccer-formations-explained/ | /blog/category/sports-gm/,UNVERIFIED — needs Keyword Planner / Semrush / Ahrefs
how-a-golf-cut-works,/blog/how-a-golf-cut-works/,published,sports-gm,golf-career-simulator,what is the cut in golf,golf cut line explained | missed cut meaning | 36 hole cut | golf tournament format | made the cut golf,how is the cut line decided in golf | what happens if you miss the cut | why do golf tournaments have a cut | does missing the cut cost ranking points,,What is the cut in a golf tournament? | How is the cut line decided? | What happens to a player who misses the cut? | Why do golf tournaments have cuts? | What is a cut in golf? | What happens if you miss the cut? | Why do tournaments have cuts? | How should the cut change how I play?,informational,unverified-medium,/apps/golf-career-simulator/ | /blog/golf-scoring-explained/ | /blog/golf-career-sim-guide/ | /blog/golf-course-management-basics/ | /blog/career-sim-vs-manager-game/ | /blog/category/sports-gm/,UNVERIFIED — needs Keyword Planner / Semrush / Ahrefs
how-draft-lotteries-work,/blog/how-draft-lotteries-work/,published,sports-gm,pro-basketball-draft-gm-mode,how do draft lotteries work,weighted draft lottery | tanking in sports | lottery odds explained | draft order randomisation | flattened lottery odds,why do leagues use a draft lottery | what does flattening lottery odds do | does a lottery stop tanking | how are lottery combinations drawn,,How does a draft lottery work? | Why do leagues use lotteries instead of reverse standings? | Does a lottery stop teams from tanking? | What does flattening the odds mean? | What is a draft lottery? | Why do leagues use lotteries? | How are lottery odds usually structured? | What does flattening the odds do? | Does a lottery stop tanking?,informational,unverified-medium,/apps/pro-basketball-draft-gm-mode/ | /apps/hockey-draft-gm-manager/ | /blog/how-football-draft-order-works/ | /blog/rebuild-vs-retool/ | /blog/what-makes-a-good-draft-board/ | /blog/understanding-sports-sim-probability/ | /blog/category/sports-gm/,UNVERIFIED — needs Keyword Planner / Semrush / Ahrefs
how-fantasy-draft-strategy-works,/blog/how-fantasy-draft-strategy-works/,published,sports-gm,pro-basketball-draft-gm-mode,fantasy draft strategy,draft strategy tiers | replacement level explained | positional scarcity drafting | best player available vs need | draft pick value | how to prepare for a draft,what is replacement level in fantasy drafting | should i draft by tiers or by rankings | does draft position matter in a snake draft | how to react to a positional run in a draft,,What is a tier-based draft strategy? | What does replacement level mean in a fantasy draft? | Is the first pick in a snake draft actually an advantage? | How should I respond when several managers draft the same position in a row? | What does replacement level mean when drafting? | Is the first pick in a snake draft an advantage? | Should I draft the best available player or draft for need? | Do these games use real players and teams? | How many drafts does it take to tell whether a strategy is working?,informational,unverified-high,/apps/pro-basketball-draft-gm-mode/ | /apps/football-draft-gm-mode/ | /blog/snake-draft-vs-auction-draft/ | /blog/what-makes-a-good-draft-board/ | /blog/salary-cap-basics-for-gm-games/ | /blog/basketball-draft-gm-guide/ | /blog/category/sports-gm/,UNVERIFIED — needs Keyword Planner / Semrush / Ahrefs
how-football-draft-order-works,/blog/how-football-draft-order-works/,published,sports-gm,football-draft-gm-mode,how draft order works,reverse standings draft order | draft pick trades explained | compensatory picks | draft order tiebreaker | draft round structure,why does the worst team pick first | how are draft order ties broken | can draft picks be traded | what is a compensatory pick,,How is a football draft order decided? | Why does the worst team pick first? | How are draft order ties broken? | What is a compensatory pick? | How are ties in draft order broken? | Can draft picks be traded? | Do simulation games model all of this?,informational,unverified-medium,/apps/football-draft-gm-mode/ | /apps/football-career-sim/ | /blog/how-draft-lotteries-work/ | /blog/football-draft-gm-guide/ | /blog/what-makes-a-good-draft-board/ | /blog/snake-draft-vs-auction-draft/ | /blog/category/sports-gm/,UNVERIFIED — needs Keyword Planner / Semrush / Ahrefs
how-player-career-modes-work,/blog/how-player-career-modes-work/,published,sports-gm,baseball-career-sim,how player career mode works,career mode progression system | sports rpg progression | attribute development sports game | playing time career mode | career mode explained,why does my player stop improving in career mode | how do career modes decide playing time | what is opportunity gating in a sports game | why do two identical career mode saves diverge,,How does a sports career mode decide how good your player gets? | Why does a player stop improving in career mode? | What determines playing time in a career mode? | Why do two identical career saves produce different results? | What is a player career mode? | Why does my player stop improving? | How does a career mode decide playing time? | Why do two identical saves produce different careers? | Do our career sims use real players or leagues?,informational,unverified-medium,/apps/baseball-career-sim/ | /apps/football-career-sim/ | /apps/hockey-career-sim/ | /blog/career-mode-vs-franchise-mode/ | /blog/how-sports-simulation-engines-work/ | /blog/understanding-sports-sim-probability/ | /blog/baseball-career-sim-guide/ | /blog/category/sports-gm/,UNVERIFIED — needs Keyword Planner / Semrush / Ahrefs
how-soccer-league-tables-work,/blog/how-soccer-league-tables-work/,published,sports-gm,soccer-draft-gm-xi,how soccer league tables work,what does gd mean in soccer | soccer points system explained | goal difference tie breaker | what does p w d l mean | how many points for a win in soccer | double round robin schedule,what do the columns in a football table mean | why is goal difference used as a tie breaker | how many games in a 20 team league season | what is a game in hand in football,,"How many points do you get for a win in soccer? | What does GD mean in a league table? | How is a tie in a league table broken? | Why does a 20-team league play 38 matches? | What do P, W, D, L, GF, GA, GD and Pts mean? | Why is a win worth three points instead of two? | What happens when two sides finish on the same points? | How do I compare two sides that have played a different number of games? | Do simulated league results describe any real competition?",informational,unverified-medium,/apps/soccer-draft-gm-xi/ | /apps/hockey-draft-gm-manager/ | /blog/soccer-formations-explained/ | /blog/soccer-draft-xi-guide/ | /blog/career-mode-vs-franchise-mode/ | /blog/best-sports-manager-games-for-short-sessions/ | /blog/category/sports-gm/,UNVERIFIED — needs Keyword Planner / Semrush / Ahrefs
how-sports-simulation-engines-work,/blog/how-sports-simulation-engines-work/,published,sports-gm,baseball-draft-gm-team,how sports simulation games work,sports simulation engine explained | how do sim games calculate results | ratings to probability model | season simulator explained | random number generator in games | event level vs outcome level simulation,how does a season simulator decide wins and losses | do sports sims simulate every play | why does the same roster give different results | what inputs does a sports simulation use,,How does a sports simulation game calculate a result? | What is the difference between event-level and outcome-level simulation? | Why does the same team produce different results in a sim? | Is a simulated season a prediction of anything real? | Why does the same roster give a different result each time? | What does 162-0 Baseball Draft & GM Team actually weigh? | Is a simulated season a prediction? | Are these games based on real players or leagues?,informational,unverified-medium,/apps/baseball-draft-gm-team/ | /apps/pro-basketball-draft-gm-mode/ | /blog/understanding-sports-sim-probability/ | /blog/baseball-stats-explained-for-beginners/ | /blog/how-fantasy-draft-strategy-works/ | /blog/baseball-draft-gm-guide/ | /blog/category/sports-gm/,UNVERIFIED — needs Keyword Planner / Semrush / Ahrefs
how-the-offside-rule-works,/blog/how-the-offside-rule-works/,published,sports-gm,soccer-draft-gm-xi,offside rule explained,law 11 offside | offside position vs offence | when is a player offside | offside exceptions | second last opponent,can you be offside from a throw in | what moment counts for offside | is being in an offside position a foul | why is the goalkeeper not the last defender,,How does the offside rule work in soccer? | What is the difference between offside position and an offside offence? | Can you be offside from a throw-in? | At what moment is offside judged? | When is a player in an offside position? | Is being in an offside position an offence? | Why is it the second-last opponent rather than the last defender?,informational,unverified-medium,/apps/soccer-draft-gm-xi/ | /apps/soccer-career-sim-xi/ | /blog/soccer-positions-explained/ | /blog/soccer-formations-explained/ | /blog/how-soccer-league-tables-work/ | /blog/soccer-career-sim-guide/ | /blog/category/sports-gm/,UNVERIFIED — needs Keyword Planner / Semrush / Ahrefs
how-to-build-a-balanced-basketball-roster,/blog/how-to-build-a-balanced-basketball-roster/,published,sports-gm,pro-basketball-draft-gm-mode,how to build a basketball roster,balanced basketball roster | roster construction basketball | basketball depth chart strategy | rotation minutes distribution | positional overlap drafting | team building gm mode,how many players should be in a basketball rotation | why does my high rated roster keep losing | how do you balance a roster in a gm game | what does depth actually do for a basketball team,,What makes a basketball roster balanced? | How many minutes are available to distribute in a basketball game? | Why does a roster full of high-rated players underperform? | How should minutes be split across a rotation? | What does a balanced basketball roster actually mean? | How much playing time is there to distribute? | Why does my high-rated roster keep losing? | Is a deep roster better than a top-heavy one? | What does Pro Basketball GM Franchise reward? | Are the players in these games real?,informational,unverified-high,/apps/pro-basketball-draft-gm-mode/ | /apps/pro-basketball-my-career-sim/ | /blog/basketball-positions-explained/ | /blog/basketball-draft-gm-guide/ | /blog/basketball-career-sim-guide/ | /blog/category/sports-gm/,UNVERIFIED — needs Keyword Planner / Semrush / Ahrefs
how-to-choose-a-sports-career-sim,/blog/how-to-choose-a-sports-career-sim/,published,sports-gm,golf-career-simulator,which sports career sim to play,best sports career game android | career simulator comparison | sports rpg android | player career game choice | career sim session length,which sports career sim has the shortest sessions | what career sim is best for someone new to the sport | which career sim lets you play as a goalie | is there a career sim without teammates,,Which sports career simulator should I play? | Which career sim has the shortest sessions? | Which career sim is best for someone new to the sport? | Is there a career sim where teammates do not affect your results? | Which one depends least on teammates? | Which is best if I do not know the sport well? | Which lets me play a goalkeeper or goaltender? | Are any of these paid apps?,commercial,unverified-medium,/apps/golf-career-simulator/ | /apps/baseball-career-sim/ | /apps/football-career-sim/ | /apps/hockey-career-sim/ | /apps/soccer-career-sim-xi/ | /apps/pro-basketball-my-career-sim/ | /blog/career-sim-vs-manager-game/ | /blog/how-player-career-modes-work/ | /blog/golf-career-sim-guide/ | /blog/baseball-career-sim-guide/ | /blog/category/sports-gm/,UNVERIFIED — needs Keyword Planner / Semrush / Ahrefs
injuries-in-sports-career-games,/blog/injuries-in-sports-career-games/,published,sports-gm,hockey-career-sim,injuries in career mode,sports game injury system | career mode recovery | fatigue management sports game | availability career mode | injury risk simulation,how do injuries work in a career mode | can you avoid injuries in a sports game | should i play through an injury in career mode | why do career modes include injuries at all,,How do injuries work in sports career modes? | Can you reduce injury risk in a career game? | Should you play through an injury in a career mode? | Why do career games include injuries? | Can I reduce injury risk? | What does an injury actually cost? | Should I play through a minor injury? | Does any of this reflect real sports medicine?,informational,unverified-medium,/apps/hockey-career-sim/ | /apps/soccer-career-sim-xi/ | /apps/football-career-sim/ | /blog/coach-trust-and-playing-time/ | /blog/how-player-career-modes-work/ | /blog/hockey-career-sim-guide/ | /blog/soccer-career-sim-guide/ | /blog/category/sports-gm/,UNVERIFIED — needs Keyword Planner / Semrush / Ahrefs
mma-boxing-fight-draft-guide,/blog/mma-boxing-fight-draft-guide/,published,sports-gm,mma-boxing-fight-draft,mma fight simulator app,boxing simulator android | fight draft game offline | combat sports gm game | mma matchup simulator | boxing scorecard simulation | fantasy fight booking game,why does the higher rated fighter lose in a sim | mma game with no in app purchases | how are boxing decisions simulated | draft a stable of fighters game,,How does an MMA fight simulator decide a winner? | What does styles make fights mean? | How is boxing simulated differently from MMA? | Is there a free MMA and boxing draft game for Android? | How does the simulator decide who wins a fight? | Why is boxing simulated separately from MMA? | What does 'styles make fights' mean in a draft game? | Can I draft only one sport? | Does the game have in-app purchases? | Are the fighters real people?,informational,unverified-medium,/apps/mma-boxing-fight-draft/ | /apps/hockey-draft-gm-manager/ | /blog/hockey-draft-gm-guide/ | /blog/basketball-draft-gm-guide/ | /blog/baseball-draft-gm-guide/ | /blog/category/sports-gm/,UNVERIFIED — needs Keyword Planner / Semrush / Ahrefs
mma-weight-classes-explained,/blog/mma-weight-classes-explained/,published,sports-gm,mma-boxing-fight-draft,mma weight classes explained,mma weight class list pounds | unified rules weight classes | what is catch weight in mma | mma divisions by weight | how many mma weight classes are there | mma weight limits chart,full list of mma weight classes with limits | what happens when a fighter misses weight | why is heavyweight such a wide weight class | difference between welterweight and super welterweight mma,,What are the MMA weight classes and their limits? | What is catch weight in mixed martial arts? | What happens if a fighter misses weight? | How long is an MMA round and how many rounds are there? | What are the MMA weight classes? | Why are the weight bands different sizes? | What is catch weight? | How long is an MMA fight? | Do fight draft games use real fighters and promotions?,informational,unverified-high,/apps/mma-boxing-fight-draft/ | /blog/boxing-scoring-explained/ | /blog/mma-boxing-fight-draft-guide/ | /blog/career-mode-vs-franchise-mode/ | /blog/sports-gm-games-without-internet/ | /blog/category/sports-gm/,UNVERIFIED — needs Keyword Planner / Semrush / Ahrefs
ops-and-slugging-explained,/blog/ops-and-slugging-explained/,published,sports-gm,baseball-draft-gm-team,what is ops in baseball,slugging percentage explained | on base plus slugging | ops calculation | batting average vs ops | total bases baseball,how is slugging percentage calculated | why is ops criticised | what is a good ops | is ops better than batting average,,What is OPS in baseball? | How is slugging percentage calculated? | Is OPS better than batting average? | What are the criticisms of OPS? | What is OPS? | What is the criticism of OPS? | What is a good OPS?,informational,unverified-medium,/apps/baseball-draft-gm-team/ | /apps/baseball-career-sim/ | /blog/baseball-stats-explained-for-beginners/ | /blog/what-is-whip-in-baseball/ | /blog/batting-order-strategy-explained/ | /blog/baseball-career-sim-guide/ | /blog/category/sports-gm/,UNVERIFIED — needs Keyword Planner / Semrush / Ahrefs
plus-minus-and-hockey-stats,/blog/plus-minus-and-hockey-stats/,published,sports-gm,hockey-draft-gm-manager,plus minus hockey stat,hockey stats explained | what does plus minus mean | points goals assists hockey | zone starts hockey | time on ice stat,is plus minus a good hockey stat | why do defensive players have bad plus minus | what hockey stats actually measure a player | how does deployment affect hockey stats,,What does plus/minus mean in hockey? | Is plus/minus a useful statistic? | Which hockey statistics are actually about the individual player? | How does deployment change a player's numbers? | What does plus/minus mean? | Is plus/minus a good statistic? | Why do defensive specialists post worse figures? | Which hockey statistic is most informative? | How should I read my own numbers in a career game?,informational,unverified-medium,/apps/hockey-draft-gm-manager/ | /apps/hockey-career-sim/ | /blog/hockey-line-combinations-explained/ | /blog/hockey-goaltending-explained/ | /blog/hockey-draft-gm-guide/ | /blog/basketball-advanced-stats-explained/ | /blog/category/sports-gm/,UNVERIFIED — needs Keyword Planner / Semrush / Ahrefs
power-play-and-penalty-kill,/blog/power-play-and-penalty-kill/,published,sports-gm,hockey-draft-gm-manager,how a power play works,penalty kill explained | hockey minor penalty | five on four hockey | special teams hockey | hockey penalty types,how long is a minor penalty in hockey | does a power play end when a goal is scored | what is a five on three | why are special teams important in hockey,,How does a power play work in hockey? | How long is a minor penalty? | Does scoring end a power play? | What is a penalty kill? | What is a power play? | Does scoring always end a power play? | What is a five-on-three? | Why do special teams matter so much?,informational,unverified-medium,/apps/hockey-draft-gm-manager/ | /apps/hockey-career-sim/ | /blog/what-is-icing-in-hockey/ | /blog/hockey-positions-explained/ | /blog/hockey-line-combinations-explained/ | /blog/plus-minus-and-hockey-stats/ | /blog/category/sports-gm/,UNVERIFIED — needs Keyword Planner / Semrush / Ahrefs
quarterback-archetypes-explained,/blog/quarterback-archetypes-explained/,published,sports-gm,football-career-sim,quarterback archetypes,pocket passer meaning | dual threat quarterback | field general quarterback | scrambling quarterback | quarterback build career mode,what is a pocket passer | what is a dual threat quarterback | which quarterback archetype is easiest to play | does quarterback archetype change gameplay,,What are the quarterback archetypes? | What is a pocket passer? | What is a dual-threat quarterback? | Which quarterback archetype is best for a beginner? | What is a field general? | Which archetype is easiest for a beginner? | Do archetypes change gameplay or just statistics?,informational,unverified-medium,/apps/football-career-sim/ | /apps/football-draft-gm-mode/ | /blog/football-career-sim-guide/ | /blog/football-positions-explained-for-drafting/ | /blog/reading-a-defense-basics/ | /blog/how-player-career-modes-work/ | /blog/category/sports-gm/,UNVERIFIED — needs Keyword Planner / Semrush / Ahrefs
reading-a-defense-basics,/blog/reading-a-defense-basics/,published,sports-gm,football-career-sim,how to read a defense,pre snap read football | safety count coverage | single high vs two high | defensive leverage explained | audible football,how many safeties tells you the coverage | what does leverage mean in football coverage | when should a quarterback audible | how to tell if a blitz is coming,,How do you read a defense before the snap? | What does a single-high safety look mean? | What is leverage in pass coverage? | When should a quarterback change the play? | What is the fastest pre-snap read? | What does leverage mean? | How do you tell whether pressure is coming? | When should you change the play? | Does this apply to a simulation game?,informational,unverified-medium,/apps/football-career-sim/ | /apps/football-draft-gm-mode/ | /blog/quarterback-archetypes-explained/ | /blog/football-career-sim-guide/ | /blog/football-positions-explained-for-drafting/ | /blog/how-football-draft-order-works/ | /blog/category/sports-gm/,UNVERIFIED — needs Keyword Planner / Semrush / Ahrefs
rebuild-vs-retool,/blog/rebuild-vs-retool/,published,sports-gm,pro-basketball-draft-gm-mode,rebuild vs retool,when to rebuild a team | retooling a roster | sports team rebuild strategy | competitive window | roster age curve,what is the difference between a rebuild and a retool | how do you know when to rebuild | what is the worst roster position to be in | how long does a rebuild take,,What is the difference between a rebuild and a retool? | How do you know when a team should rebuild? | Why is being an average team the worst position? | How long should a rebuild take? | How do you know which one you need? | Why is being average the worst position? | How long does a rebuild take? | Does this apply to draft-and-simulate games?,informational,unverified-medium,/apps/pro-basketball-draft-gm-mode/ | /apps/baseball-draft-gm-team/ | /apps/hockey-draft-gm-manager/ | /blog/free-agency-explained/ | /blog/salary-cap-basics-for-gm-games/ | /blog/how-draft-lotteries-work/ | /blog/how-to-build-a-balanced-basketball-roster/ | /blog/category/sports-gm/,UNVERIFIED — needs Keyword Planner / Semrush / Ahrefs
salary-cap-basics-for-gm-games,/blog/salary-cap-basics-for-gm-games/,published,sports-gm,pro-basketball-draft-gm-mode,salary cap explained,hard cap vs soft cap | what is cap space | dead money contracts | luxury tax explained | salary cap draft strategy | how contracts work in gm games,what is the difference between a hard cap and a soft cap | why do sports leagues have salary caps | how do you decide how much of the cap to spend on one player | what is dead money in a sports contract,,What is a salary cap in sports? | What is the difference between a hard cap and a soft cap? | What does dead money mean on a roster? | How should I spend my budget in a salary cap draft? | What is a salary cap? | What is dead money? | How much of the cap should go to one player? | Which of these games include salary cap drafting? | Is the money in these games real?,informational,unverified-medium,/apps/pro-basketball-draft-gm-mode/ | /apps/football-draft-gm-mode/ | /apps/baseball-draft-gm-team/ | /blog/snake-draft-vs-auction-draft/ | /blog/how-fantasy-draft-strategy-works/ | /blog/how-to-build-a-balanced-basketball-roster/ | /blog/basketball-draft-gm-guide/ | /blog/category/sports-gm/,UNVERIFIED — needs Keyword Planner / Semrush / Ahrefs
snake-draft-vs-auction-draft,/blog/snake-draft-vs-auction-draft/,published,sports-gm,pro-basketball-draft-gm-mode,snake draft vs auction draft,how does a snake draft work | how does an auction draft work | auction draft budget strategy | draft order reversal | nomination strategy | which draft format is better,why does the draft order reverse each round | how much should i spend on one player in an auction draft | is an auction draft harder than a snake draft | what is a maximum bid in an auction draft,,What is the difference between a snake draft and an auction draft? | How is maximum bid calculated in an auction draft? | Why does a snake draft reverse the order every round? | Which draft format is better for a beginner? | Why does the order reverse in a snake draft? | How do I work out my maximum bid in an auction draft? | Which format is better for someone new to drafting? | Do these games include auction drafting? | Are these games connected to a real league?,informational,unverified-medium,/apps/pro-basketball-draft-gm-mode/ | /apps/baseball-draft-gm-team/ | /blog/how-fantasy-draft-strategy-works/ | /blog/salary-cap-basics-for-gm-games/ | /blog/what-makes-a-good-draft-board/ | /blog/basketball-draft-gm-guide/ | /blog/category/sports-gm/,UNVERIFIED — needs Keyword Planner / Semrush / Ahrefs
soccer-career-sim-guide,/blog/soccer-career-sim-guide/,published,sports-gm,soccer-career-sim-xi,soccer career simulator,football career sim android | soccer player career mode | starting xi career game | goalkeeper career mode | football career progression game,how do you get into the starting xi in a career game | what is coach trust in a football career sim | should you transfer to a bigger club in career mode | can you play as a goalkeeper in a soccer career sim,,What is Football Career Soccer XI Sim? | How does Coach Trust work in a soccer career game? | Should you accept a transfer to a bigger club in a career mode? | Which soccer position is best for a first career? | What is Coach Trust? | Can I play in goal? | Should I always accept the biggest transfer offer? | Are the clubs and competitions real? | Is it free?,informational,unverified-medium,/apps/soccer-career-sim-xi/ | /apps/soccer-draft-gm-xi/ | /blog/soccer-formations-explained/ | /blog/how-soccer-league-tables-work/ | /blog/soccer-draft-xi-guide/ | /blog/hockey-career-sim-guide/ | /blog/category/sports-gm/,UNVERIFIED — needs Keyword Planner / Semrush / Ahrefs
soccer-draft-xi-guide,/blog/soccer-draft-xi-guide/,published,sports-gm,soccer-draft-gm-xi,soccer draft simulator,football draft game android | build a starting xi game | soccer manager game offline | squad builder simulator | 38 game season simulation | budget draft challenge soccer,soccer draft game where position fit matters | how to build a balanced starting eleven | what does 38-0-0 mean in a soccer sim | free football squad building game no wifi,,How does a soccer draft simulator decide the season result? | Why is the highest rated XI not always the best XI? | What is a budget draft challenge? | Is there a soccer squad builder that works offline? | What does 38-0-0 mean? | Why is the highest-rated XI not always the best XI? | How long does one run take? | Is this football or soccer? | Is it connected to any real club or competition? | Does it cost anything?,informational,unverified-high,/apps/soccer-draft-gm-xi/ | /apps/football-draft-gm-mode/ | /blog/football-draft-gm-guide/ | /blog/basketball-draft-gm-guide/ | /blog/hockey-draft-gm-guide/ | /blog/category/sports-gm/,UNVERIFIED — needs Keyword Planner / Semrush / Ahrefs
soccer-formations-explained,/blog/soccer-formations-explained/,published,sports-gm,soccer-draft-gm-xi,soccer formations explained,4-4-2 vs 4-3-3 | what does 4-2-3-1 mean | best formation for a weak defence | football formations for beginners | wing back formation explained | how to pick a formation,how do you read a soccer formation number | what is a double pivot in soccer | difference between 3-5-2 and 5-3-2 | what is a sweeper keeper,,What do the numbers in a soccer formation mean? | What is the difference between 4-3-3 and 4-2-3-1? | Why do teams change formation when they lose the ball? | What does a sweeper keeper do? | Is 3-5-2 the same as 5-3-2? | Which formation is best? | What is a sweeper keeper? | Do these games use real clubs and players?,informational,unverified-high,/apps/soccer-draft-gm-xi/ | /apps/football-draft-gm-mode/ | /blog/soccer-draft-xi-guide/ | /blog/basketball-positions-explained/ | /blog/how-to-build-a-balanced-basketball-roster/ | /blog/category/sports-gm/,UNVERIFIED — needs Keyword Planner / Semrush / Ahrefs
soccer-positions-explained,/blog/soccer-positions-explained/,published,sports-gm,soccer-career-sim-xi,soccer positions explained,football positions guide | what does a defensive midfielder do | full back vs wing back | false nine meaning | soccer roles explained,what is the difference between a full back and a wing back | what does a number 10 do in soccer | which soccer position should i play | what is a holding midfielder,,What are the positions in soccer and what do they do? | What is the difference between a full-back and a wing-back? | What does a defensive midfielder do? | Which soccer position suits a beginner in a career game? | How many positions are there in soccer? | What is a false nine? | Which position is best for a first career in a game?,informational,unverified-medium,/apps/soccer-career-sim-xi/ | /apps/soccer-draft-gm-xi/ | /blog/soccer-formations-explained/ | /blog/soccer-career-sim-guide/ | /blog/how-soccer-league-tables-work/ | /blog/soccer-draft-xi-guide/ | /blog/category/sports-gm/,UNVERIFIED — needs Keyword Planner / Semrush / Ahrefs
sports-gm-games-without-internet,/blog/sports-gm-games-without-internet/,published,sports-gm,hockey-draft-gm-manager,sports gm games no wifi,offline sports management games android | games that work on a plane | no internet sports games | offline draft simulator | android games without account | play without wifi,sports manager games that work without internet | how to test if an app works offline | do offline games still show ads | best games for a long flight android,,Are there sports management games that work without internet? | How can I tell whether an Android game works offline? | Do ad-supported games need a connection? | What happens to my save data in an offline game? | What does it mean for a game to work offline? | Which of your sports games works offline? | Does no online multiplayer mean a game works offline? | Will ads still show if I am offline? | What happens to my saves if the game does not use an account? | Are these games connected to real leagues or teams?,informational,unverified-high,/apps/hockey-draft-gm-manager/ | /apps/pro-basketball-my-career-sim/ | /apps/baseball-draft-gm-team/ | /blog/hockey-draft-gm-guide/ | /blog/best-sports-manager-games-for-short-sessions/ | /blog/career-mode-vs-franchise-mode/ | /blog/hockey-line-combinations-explained/ | /blog/category/sports-gm/,UNVERIFIED — needs Keyword Planner / Semrush / Ahrefs
transfers-and-contracts-explained,/blog/transfers-and-contracts-explained/,published,sports-gm,soccer-career-sim-xi,how football transfers work,transfer fee explained | free agency football | release clause meaning | contract length football | transfer window explained,why do clubs pay transfer fees | what happens when a contract runs down | what is a release clause | how should i evaluate a transfer offer in a career game,,How do football transfers work? | Why do clubs pay a transfer fee? | What is a release clause? | How should you evaluate a transfer offer in a career mode? | Why do clubs pay transfer fees? | Why does contract length change a player's value so much? | What is a transfer window? | How should I evaluate an offer in a career game?,informational,unverified-medium,/apps/soccer-career-sim-xi/ | /apps/soccer-draft-gm-xi/ | /blog/coach-trust-and-playing-time/ | /blog/soccer-career-sim-guide/ | /blog/free-agency-explained/ | /blog/salary-cap-basics-for-gm-games/ | /blog/category/sports-gm/,UNVERIFIED — needs Keyword Planner / Semrush / Ahrefs
two-way-players-explained,/blog/two-way-players-explained/,published,sports-gm,baseball-career-sim,what is a two way player in baseball,two way player rules | pitcher and hitter same player | two way player career mode | designated hitter and pitcher | baseball roster spot value,why are two way players so rare in baseball | how does a two way player affect a roster spot | is a two way player worth it in a career sim | what does a two way player do on off days,,What is a two-way player in baseball? | Why are two-way players rare? | How does a two-way player change a roster? | Is a two-way build worth it in a baseball career game? | What is a two-way player? | Why are two-way players so rare? | What is the roster advantage? | Is a two-way build a good idea in a career simulation? | Does the designated hitter rule matter here?,informational,unverified-medium,/apps/baseball-career-sim/ | /apps/baseball-draft-gm-team/ | /blog/baseball-career-sim-guide/ | /blog/baseball-stats-explained-for-beginners/ | /blog/baseball-pitching-roles-explained/ | /blog/how-player-career-modes-work/ | /blog/category/sports-gm/,UNVERIFIED — needs Keyword Planner / Semrush / Ahrefs
understanding-sports-sim-probability,/blog/understanding-sports-sim-probability/,published,sports-gm,baseball-draft-gm-team,sports simulation probability,variance in sports simulation | why does the better team lose | sample size sports sim | law of large numbers sports | how many simulations to run | binomial distribution wins,why does my best roster keep losing in a sim | how many times should i run a simulation to compare strategies | why is a perfect season so unlikely | how much does season length affect simulated results,,Why does the better team lose in a sports simulation? | How does season length affect the chance of an unbeaten record? | How many simulation runs are needed to compare two strategies? | What is variance in a sports simulation? | Why does my best roster keep losing? | How many times should I run a simulation before trusting the result? | Why is a perfect season so unlikely? | Does a longer season make results more predictable? | Are these probabilities predictions about real sport?,informational,unverified-medium,/apps/baseball-draft-gm-team/ | /apps/football-draft-gm-mode/ | /blog/how-sports-simulation-engines-work/ | /blog/baseball-stats-explained-for-beginners/ | /blog/how-fantasy-draft-strategy-works/ | /blog/baseball-draft-gm-guide/ | /blog/category/sports-gm/,UNVERIFIED — needs Keyword Planner / Semrush / Ahrefs
what-is-era-in-baseball,/blog/what-is-era-in-baseball/,published,sports-gm,baseball-draft-gm-team,what is era in baseball,earned run average calculation | earned vs unearned runs | era formula baseball | good era baseball | era limitations,how do you calculate era in baseball | what counts as an earned run | why is era misleading | what is a good era for a pitcher,,What is ERA in baseball and how is it calculated? | What is the difference between an earned and an unearned run? | Why can ERA be misleading? | What counts as a good ERA? | How is ERA calculated? | What is an earned run? | Why is ERA sometimes misleading? | What is a good ERA? | Why do relievers' ERAs swing so much?,informational,unverified-medium,/apps/baseball-draft-gm-team/ | /apps/baseball-career-sim/ | /blog/baseball-stats-explained-for-beginners/ | /blog/what-is-whip-in-baseball/ | /blog/baseball-pitching-roles-explained/ | /blog/baseball-career-sim-guide/ | /blog/category/sports-gm/,UNVERIFIED — needs Keyword Planner / Semrush / Ahrefs
what-is-icing-in-hockey,/blog/what-is-icing-in-hockey/,published,sports-gm,hockey-draft-gm-manager,what is icing in hockey,icing rule explained | touch icing vs no touch | hybrid icing | hockey faceoff after icing | short handed icing,why is icing not called when short handed | what is hybrid icing | what happens after an icing call | can you change lines after icing,,"What is icing in hockey? | What is the difference between touch icing and hybrid icing? | Why is icing waved off when a team is short-handed? | What happens after an icing call? | What is icing? | What is the difference between touch, automatic and hybrid icing? | Why is icing waved off for a short-handed team? | Are there other exceptions?",informational,unverified-medium,/apps/hockey-draft-gm-manager/ | /apps/hockey-career-sim/ | /blog/hockey-positions-explained/ | /blog/power-play-and-penalty-kill/ | /blog/hockey-line-combinations-explained/ | /blog/hockey-career-sim-guide/ | /blog/category/sports-gm/,UNVERIFIED — needs Keyword Planner / Semrush / Ahrefs
what-is-whip-in-baseball,/blog/what-is-whip-in-baseball/,published,sports-gm,baseball-draft-gm-team,what is whip in baseball,whip calculation baseball | walks and hits per inning pitched | whip vs era | good whip pitcher | baserunners allowed stat,how do you calculate whip | is whip better than era | what does a whip of 1.00 mean | does whip include hit by pitch,,What is WHIP in baseball? | How is WHIP calculated? | Is WHIP a better statistic than ERA? | What is a good WHIP? | Is WHIP better than ERA? | Does WHIP include hit batters? | What does a WHIP of 1.00 mean? | What is WHIP's biggest blind spot?,informational,unverified-medium,/apps/baseball-draft-gm-team/ | /apps/baseball-career-sim/ | /blog/what-is-era-in-baseball/ | /blog/baseball-stats-explained-for-beginners/ | /blog/ops-and-slugging-explained/ | /blog/baseball-draft-gm-guide/ | /blog/category/sports-gm/,UNVERIFIED — needs Keyword Planner / Semrush / Ahrefs
what-makes-a-good-draft-board,/blog/what-makes-a-good-draft-board/,published,sports-gm,football-draft-gm-mode,how to build a draft board,draft board tiers | draft preparation checklist | positional cliffs draft | draft board vs rankings | football draft board | in draft decision making,what is the difference between a draft board and a ranking list | how many tiers should a draft board have | when should you deviate from your draft board | how to prepare a draft board with no refreshes,,What is a draft board and how do you build one? | How do you set tiers on a draft board? | When is it correct to go off your draft board? | How do you prepare for a draft where you cannot refresh the player pool? | What is a draft board? | How many tiers should each position have? | When should I go off my board? | Does a board still help in a draft with no refreshes? | Do these games use real teams or players?,informational,unverified-medium,/apps/football-draft-gm-mode/ | /apps/pro-basketball-draft-gm-mode/ | /blog/how-fantasy-draft-strategy-works/ | /blog/snake-draft-vs-auction-draft/ | /blog/salary-cap-basics-for-gm-games/ | /blog/football-draft-gm-guide/ | /blog/category/sports-gm/,UNVERIFIED — needs Keyword Planner / Semrush / Ahrefs
android-app-permissions-explained,/blog/android-app-permissions-explained/,published,video-utility,regal-video-player,how to check app permissions android,runtime permissions android | install time permissions | special app access | permission groups android | revoke app permissions,how do you see what permissions an app has | what is the difference between install time and runtime permissions | what are special permissions on android | does denying a permission break an app,,How do you check what permissions an Android app has? | What is the difference between install-time and runtime permissions? | What are special permissions? | Does denying a permission break the app? | How do I review what an app has? | Are permissions the whole privacy picture?,informational,unverified-medium,/apps/regal-video-player/ | /apps/protein-diet-tracker/ | /blog/google-play-data-safety-explained/ | /blog/why-free-android-games-show-ads/ | /blog/android-video-player-guide/ | /blog/battery-and-performance-in-mobile-games/ | /blog/category/video-utility/,UNVERIFIED — needs Keyword Planner / Semrush / Ahrefs
android-video-player-guide,/blog/android-video-player-guide/,published,video-utility,regal-video-player,android video player for local files,mkv not playing on android | container vs codec explained | h265 hevc android support | video plays audio but no picture | offline video player android | playback speed control android,why does my mkv file have no video on android | what is the difference between a container and a codec | does android support av1 playback | how to slow down a video on android,,What is the difference between a video container and a video codec? | Why does my video play sound but show a black screen? | Which video formats does Android support? | How do I play MKV files on an Android phone? | What is the difference between a container and a codec? | Why does my video play audio but show a black screen? | Does Android support AV1? | Will a different player app fix a file that will not play? | Can I play movies I bought from a streaming store in a local player?,informational,unverified-medium,/apps/regal-video-player/ | /blog/mental-math-training-guide/ | /blog/world-history-timeline-guide/ | /blog/category/video-utility/,UNVERIFIED — needs Keyword Planner / Semrush / Ahrefs
android-video-players-compared,/blog/android-video-players-compared/,published,video-utility,regal-video-player,best android video player,android video player comparison | vlc for android alternative | local video player android | video player with speed control android | picture in picture video player android | offline video player comparison,does a different player fix a video that will not play | android video player that resumes where you stopped | video player with 0.5x and 2x speed on android | do i need a player that streams from a nas,vlc vs regal video player | best free video player for android | open source vs ad supported video player | local video player vs media centre,What is the best video player app for Android? | Will a different video player app make my file play? | Which Android video players support network streams and NAS? | How do I change video playback speed on Android? | Will switching video player apps make my file play? | Which Android video player handles network shares and streams? | Do these players support subtitles? | What playback speed range do I actually need? | Is an open source player better than an ad-supported one? | Can I play movies bought from a streaming store in these apps?,commercial,unverified-high,/apps/regal-video-player/ | /blog/android-video-player-guide/ | /blog/language-learning-apps-compared/ | /blog/protein-tracking-apps-compared/ | /blog/category/video-utility/,UNVERIFIED — needs Keyword Planner / Semrush / Ahrefs
audio-codecs-explained,/blog/audio-codecs-explained/,published,video-utility,regal-video-player,audio codecs explained,aac vs mp3 | flac lossless audio | opus codec | audio passthrough | surround sound on phone,what is the difference between lossy and lossless audio | why is there no sound on my video file | what is audio passthrough | does flac sound better than aac,,What are the main audio codecs? | What is the difference between lossy and lossless audio? | Why does a video play with no sound? | What is audio passthrough? | What is the difference between lossy and lossless? | Which audio codec is most compatible? | Why does my video play with no sound? | What is passthrough? | Does FLAC sound better than AAC?,informational,unverified-medium,/apps/regal-video-player/ | /blog/video-codecs-explained/ | /blog/hardware-vs-software-decoding/ | /blog/remuxing-vs-transcoding/ | /blog/video-file-formats-explained/ | /blog/category/video-utility/,UNVERIFIED — needs Keyword Planner / Semrush / Ahrefs
av1-on-android-explained,/blog/av1-on-android-explained/,published,video-utility,regal-video-player,av1 support android,av1 codec explained | av1 hardware decoding | android video codec support | av1 vs h265 | royalty free video codec,does my android phone support av1 | why does av1 video stutter | what is the difference between av1 and hevc | how do you tell if av1 is hardware decoded,,What is AV1 and does Android support it? | Why does AV1 video stutter on some devices? | What is the difference between AV1 and HEVC? | How can you tell whether AV1 is hardware decoded? | What is AV1? | Does my Android device support AV1? | Why does AV1 playback stutter? | How is AV1 different from HEVC? | How do I fix an AV1 file that will not play?,informational,unverified-medium,/apps/regal-video-player/ | /blog/video-codecs-explained/ | /blog/hardware-vs-software-decoding/ | /blog/remuxing-vs-transcoding/ | /blog/android-video-player-guide/ | /blog/category/video-utility/,UNVERIFIED — needs Keyword Planner / Semrush / Ahrefs
frame-rate-and-resolution-explained,/blog/frame-rate-and-resolution-explained/,published,video-utility,regal-video-player,frame rate and resolution explained,bitrate vs resolution | what is judder video | interlaced vs progressive | video upscaling quality | 24fps 30fps 60fps,does higher resolution always mean better quality | why does 24fps look juddery on some screens | what is the difference between interlaced and progressive | does upscaling improve video quality,,What is the difference between frame rate and resolution? | Does higher resolution always mean better quality? | Why does 24fps content look juddery? | What is the difference between interlaced and progressive video? | Why does film content look juddery? | What is interlacing? | Does upscaling improve quality?,informational,unverified-medium,/apps/regal-video-player/ | /blog/video-codecs-explained/ | /blog/hardware-vs-software-decoding/ | /blog/audio-codecs-explained/ | /blog/video-file-formats-explained/ | /blog/category/video-utility/,UNVERIFIED — needs Keyword Planner / Semrush / Ahrefs
google-play-data-safety-explained,/blog/google-play-data-safety-explained/,published,video-utility,protein-diet-tracker,google play data safety,data safety section meaning | app data collection disclosure | collected vs shared data | play store privacy label | third party sdk data,what does the data safety section tell you | what is the difference between collected and shared data | is the data safety section verified | how do you check what an app collects before installing,,What is Google Play's Data safety section? | What is the difference between data collected and data shared? | Is the Data safety section verified by Google? | How do you check what an app collects before installing it? | What is the Data safety section? | What is the difference between collected and shared? | Does it cover third-party libraries? | Is it verified by Google? | How does it relate to permissions?,informational,unverified-medium,/apps/protein-diet-tracker/ | /apps/keto-diet-tracker/ | /apps/regal-video-player/ | /blog/android-app-permissions-explained/ | /blog/why-free-android-games-show-ads/ | /blog/how-to-track-protein-intake/ | /blog/battery-and-performance-in-mobile-games/ | /blog/category/video-utility/,UNVERIFIED — needs Keyword Planner / Semrush / Ahrefs
hardware-vs-software-decoding,/blog/hardware-vs-software-decoding/,published,video-utility,regal-video-player,hardware vs software decoding,video decoder android | why does video stutter phone | hardware acceleration video | codec profile support | battery drain video playback,how do you tell if video is hardware decoded | why does my phone get hot playing video | what is a codec profile and level | should i force software decoding,,What is the difference between hardware and software video decoding? | How can you tell which one a device is using? | Why does video playback drain the battery? | What are codec profiles and levels? | What is the difference between hardware and software decoding? | How can I tell which one is being used? | Why can my device decode one file and not another in the same codec? | Should I force software decoding? | What is the durable fix?,informational,unverified-medium,/apps/regal-video-player/ | /blog/av1-on-android-explained/ | /blog/video-codecs-explained/ | /blog/remuxing-vs-transcoding/ | /blog/battery-and-performance-in-mobile-games/ | /blog/category/video-utility/,UNVERIFIED — needs Keyword Planner / Semrush / Ahrefs
remuxing-vs-transcoding,/blog/remuxing-vs-transcoding/,published,video-utility,regal-video-player,remux vs transcode,what is remuxing | lossless container change | video conversion quality loss | changing container without re-encoding | fix video that wont play,what is the difference between remuxing and transcoding | does remuxing lose quality | how do you change a video container without re-encoding | when do you have to re-encode a video,,What is the difference between remuxing and transcoding? | Does remuxing lose quality? | How do you change a video container without re-encoding? | When is transcoding necessary? | What is remuxing? | When do you have to transcode? | How do I know which my problem needs? | Can I add subtitles without re-encoding?,informational,unverified-medium,/apps/regal-video-player/ | /blog/video-file-formats-explained/ | /blog/hardware-vs-software-decoding/ | /blog/av1-on-android-explained/ | /blog/subtitle-formats-explained/ | /blog/category/video-utility/,UNVERIFIED — needs Keyword Planner / Semrush / Ahrefs
subtitle-formats-explained,/blog/subtitle-formats-explained/,published,video-utility,regal-video-player,subtitle formats,srt vs ass subtitles | webvtt explained | embedded vs external subtitles | image based subtitles | subtitle encoding problems,what is the difference between srt and ass subtitles | why do my subtitles show strange characters | why wont my subtitles display | what is a soft subtitle,,What are the main subtitle formats? | What is the difference between SRT and ASS? | Why do subtitles show strange characters? | What is the difference between soft and hard subtitles? | What is WebVTT? | Why do my subtitles show strange characters? | What are image-based subtitles?,informational,unverified-medium,/apps/regal-video-player/ | /blog/video-file-formats-explained/ | /blog/remuxing-vs-transcoding/ | /blog/android-video-player-guide/ | /blog/hardware-vs-software-decoding/ | /blog/category/video-utility/,UNVERIFIED — needs Keyword Planner / Semrush / Ahrefs
video-codecs-explained,/blog/video-codecs-explained/,published,video-utility,regal-video-player,video codecs explained,h264 vs h265 | what is av1 codec | bitrate vs quality | chroma subsampling explained | 10 bit vs 8 bit video | keyframe interval explained,why does my 10 bit video not play | what is the difference between a codec and an encoder | does higher bitrate always mean better quality | why is av1 slower to decode,,"How does video compression actually work? | What is the difference between H.264, HEVC and AV1? | Why does higher bitrate not always mean better quality? | What is chroma subsampling and why does it exist? | What is the difference between a codec and an encoder? | Does a higher bitrate always mean better quality? | Why does 10-bit video fail on a device that plays 8-bit fine? | Which codecs is Regal Video Player built for?",informational,unverified-high,/apps/regal-video-player/ | /blog/android-video-player-guide/ | /blog/video-file-formats-explained/ | /blog/category/video-utility/,UNVERIFIED — needs Keyword Planner / Semrush / Ahrefs
video-file-formats-explained,/blog/video-file-formats-explained/,published,video-utility,regal-video-player,video file formats explained,mp4 vs mkv | what is a video container | mov file format | webm vs matroska | m2ts transport stream | remux vs transcode,what is the difference between mp4 and mkv | why will my partially downloaded mp4 not play | what is inside a video container file | how do i change container without re encoding,,What is the difference between MP4 and MKV? | What does a video container file actually contain? | Why does a partially downloaded MP4 refuse to play at all? | What is the difference between remuxing and transcoding? | What does a container file actually contain? | Why will a partially downloaded MP4 not play at all? | What is remuxing? | Which containers does Regal Video Player open?,informational,unverified-high,/apps/regal-video-player/ | /blog/android-video-player-guide/ | /blog/video-codecs-explained/ | /blog/category/video-utility/,UNVERIFIED — needs Keyword Planner / Semrush / Ahrefs
