cohort,primaryKeyword,url,intent,category,hub,app,volume,difficulty,cpc,evidence,secondary,longTail
C,daily history study routine,https://reigncreativellc.com/blog/a-daily-history-study-routine/,informational,education-brain,history-learning-methods,world-history-timeline-sim,unknown,unknown,unknown,editorial selection — not observed in the Autocomplete sample,how much history should i study a day; history study schedule; building a study streak; daily learning habit history; short daily study sessions,how long should i study history each day; what should a history study session contain; how do i keep a history habit going; is fifteen minutes a day enough for history
B,abstract reasoning test explained,https://reigncreativellc.com/blog/abstract-reasoning-tests-explained/,informational,education-brain,iq-tests-and-reasoning,mental-math-memory-games,unknown,unknown,unknown,editorial selection — not observed in the Autocomplete sample,abstract reasoning test examples; abstract reasoning practice; figural series; rule based item generation; inductive reasoning test,how are abstract reasoning questions made; what makes an abstract reasoning item hard; how to practise inductive reasoning tests; what is automatic item generation
B,accessible brain training apps,https://reigncreativellc.com/blog/accessibility-in-brain-training-apps/,informational,education-brain,brain-training-games,mental-math-memory-games,unknown,unknown,unknown,editorial selection — not observed in the Autocomplete sample,accessible math app; timers and accessibility; adjustable difficulty accessibility; cognitive accessibility app design; no sound game,brain training app without a timer; how to make a timed drill accessible; adjustable reveal speed memory game; what does wcag say about time limits
B,accuracy vs speed in practice,https://reigncreativellc.com/blog/accuracy-before-speed/,informational,education-brain,brain-training-games,mental-math-memory-games,unknown,unknown,unknown,editorial selection — not observed in the Autocomplete sample,speed accuracy tradeoff; math fluency practice; should i practice fast or accurate; rushing mistakes maths; fluency before speed,should i practise mental math faster or more carefully; why do i get more wrong when i speed up; what accuracy should i aim for when practising; how do i stop rushing arithmetic
C,how the achaemenid empire was governed,https://reigncreativellc.com/blog/achaemenid-persia-administration/,informational,education-brain,civilizations-and-empires,world-history-timeline-sim,unknown,unknown,unknown,editorial selection — not observed in the Autocomplete sample,persian empire satrapies; royal road persia; cyrus the great administration; darius i reforms; persian empire history explained; persepolis fortification tablets,what was a satrap in persia; how did the persian empire pay its workers; what does the bisotun inscription say; what were the persepolis tablets
B,how to add a list of numbers in your head,https://reigncreativellc.com/blog/adding-a-list-of-numbers-mentally/,informational,education-brain,mental-math,mental-math-memory-games,unknown,unknown,unknown,editorial selection — not observed in the Autocomplete sample,adding a column of numbers mentally; grouping pairs addition; running total method; mental total of a shopping list; commutativity in practice,how do you add lots of numbers mentally; how to keep a running total in your head; best way to add a shopping list without a calculator; why do i lose my place adding numbers
A,when do players decline in career mode,https://reigncreativellc.com/blog/aging-curves-in-career-sims/,informational,sports-gm,—,baseball-career-sim,unknown,unknown,unknown,editorial selection — not observed in the Autocomplete sample,athlete peak age research; aging curve sports; career mode retirement timing; player decline sports sim; training an older player; how long is a career mode,what age do athletes peak; why did my player stop improving; when should i retire in career mode; does training still work for an older player
A,are io games real players or bots,https://reigncreativellc.com/blog/ai-opponents-vs-real-players-in-io-games/,informational,action-arcade,—,jellyfish-arena-survivor-io,unknown,unknown,unknown,editorial selection — not observed in the Autocomplete sample,io games bots explained; ai opponents in arena games; single player io games; how to spot a bot in a game; do io games have real players,am i playing against real people in io games; how can you tell if an opponent is a bot; why do io games start instantly; do bots behave differently from players
B,analogy questions explained,https://reigncreativellc.com/blog/analogy-puzzles-explained/,informational,education-brain,logic-and-pattern-puzzles,mental-math-memory-games,unknown,unknown,unknown,editorial selection — not observed in the Autocomplete sample,verbal analogy examples; number analogy questions; a is to b as c is to; analogy relationship types; how to solve analogies,how do you solve an analogy question; what are the common analogy relationship types; why do analogy distractors feel right; how do number analogies work
C,andean civilizations in order,https://reigncreativellc.com/blog/andean-civilizations-in-order/,informational,education-brain,civilizations-and-empires,world-history-timeline-sim,unknown,unknown,unknown,editorial selection — not observed in the Autocomplete sample,moche culture explained; wari empire; tiwanaku civilization; chimu empire chan chan; pre inca civilizations of peru,what came before the inca empire; how old is caral; what was the wari empire; when did the inca empire expand
B,are online iq tests accurate,https://reigncreativellc.com/blog/are-online-iq-tests-accurate/,informational,education-brain,iq-tests-and-reasoning,mental-math-memory-games,unknown,unknown,unknown,observed in Google Autocomplete 2026-09-21 (US/en),are free online iq tests accurate; online iq test reliability; iq test accuracy; self administered test problems; unsupervised testing,are free iq tests on the internet real; can an online iq test be trusted; why do online iq tests give high scores; what is wrong with unproctored testing
B,arithmetic sequence explained,https://reigncreativellc.com/blog/arithmetic-sequences-explained/,informational,education-brain,logic-and-pattern-puzzles,mental-math-memory-games,unknown,unknown,unknown,observed in Google Autocomplete 2026-09-21 (US/en),arithmetic progression explained; arithmetic sequence formula; nth term of an arithmetic sequence; common difference; arithmetic series sum,how do you find the nth term of an arithmetic sequence; why is the arithmetic series sum formula n over 2; what is the common difference in a sequence
C,what was the armenian genocide,https://reigncreativellc.com/blog/armenian-genocide-explained/,informational,education-brain,major-historical-events,world-history-timeline-sim,unknown,unknown,unknown,editorial selection — not observed in the Autocomplete sample,armenian genocide 1915; ottoman deportations of armenians; why is the armenian genocide disputed; who recognises the armenian genocide; armenian genocide evidence,how many armenians died in 1915; why does turkey reject the word genocide; what evidence exists for the armenian genocide; when did the armenian genocide begin and end
C,who was ashoka,https://reigncreativellc.com/blog/ashoka-and-the-rock-edicts/,informational,education-brain,historical-people,world-history-timeline-sim,unknown,unknown,unknown,editorial selection — not observed in the Autocomplete sample,ashoka edicts explained; ashoka kalinga war; did ashoka convert to buddhism; ashoka pillars india; mauryan empire ruler; devanampiya piyadasi,what do the rock edicts of ashoka say; how do we know ashoka existed; who deciphered the ashokan inscriptions; was ashoka really remorseful about kalinga; where are the ashokan pillars located
C,how did the atlantic slave trade end,https://reigncreativellc.com/blog/atlantic-slave-trade-and-abolition/,informational,education-brain,major-historical-events,world-history-timeline-sim,unknown,unknown,unknown,editorial selection — not observed in the Autocomplete sample,transatlantic slave trade explained; abolition of the slave trade timeline; middle passage conditions; who abolished the slave trade first; liberated africans sierra leone,did the 1807 act stop the slave trade; how many enslaved people were freed by the royal navy; what records exist of enslaved people; what was bussa's rebellion
B,attention span exercises for adults,https://reigncreativellc.com/blog/attention-span-exercises/,informational,education-brain,memory-and-attention,mental-math-memory-games,unknown,unknown,unknown,observed in Google Autocomplete 2026-09-21 (US/en),attention span exercises; how to increase attention span; sustained attention practice; attention training exercises; does attention training work,do attention span exercises actually work; what does attention span mean; how do you practise sustained attention; why can i focus on a game but not on a book
B,backward digit span explained,https://reigncreativellc.com/blog/backward-digit-span/,informational,education-brain,memory-and-attention,mental-math-memory-games,unknown,unknown,unknown,editorial selection — not observed in the Autocomplete sample,reverse digit span; why is backward span harder; forward vs backward span; manipulation vs storage memory; backward span strategy,why is backward digit span harder than forward; what does backward digit span measure; how much shorter is backward span than forward span; strategies for reversing a digit sequence
C,what were the bantu migrations,https://reigncreativellc.com/blog/bantu-migrations-explained/,informational,education-brain,major-historical-events,world-history-timeline-sim,unknown,unknown,unknown,editorial selection — not observed in the Autocomplete sample,bantu expansion explained; how do we know about the bantu migrations; bantu languages spread; iron working in africa; bantu migration map,where did the bantu expansion start; how long did the bantu expansion take; what evidence is there for the bantu migrations; what was the empty land myth
C,the black death explained,https://reigncreativellc.com/blog/black-death-explained/,informational,education-brain,major-historical-events,world-history-timeline-sim,unknown,unknown,unknown,observed in Google Autocomplete 2026-09-21 (US/en),how did the black death spread; black death death toll; where did the plague start; did the black death reach everywhere; yersinia pestis evidence,where did the black death come from; how do we know what caused the black death; why do black death death tolls differ; what happened to jewish communities during the black death
A,boss weak points shooter game,https://reigncreativellc.com/blog/boss-weak-points-and-module-targeting/,informational,action-arcade,—,space-galaxy-attack-hardcore,unknown,unknown,unknown,editorial selection — not observed in the Autocomplete sample,destructible boss parts; target priority in shooters; how to beat multi phase bosses; focus fire shooter strategy; shmup boss strategy,where do you shoot a boss with modules; why do i survive the boss but never kill it; which boss part should i destroy first; does focusing fire actually help
B,brain games for seniors,https://reigncreativellc.com/blog/brain-games-for-older-adults/,commercial,education-brain,brain-training-games,mental-math-memory-games,unknown,unknown,unknown,observed in Google Autocomplete 2026-09-21 (US/en),brain games for seniors app; brain games for older people; cognitive activities for seniors; are brain games good for older adults; brain training and ageing,do brain games help older adults; what should i look for in a brain game for an older relative; are brain training apps worth it after 65; what did the cochrane review say about brain training
B,brain games for the whole family,https://reigncreativellc.com/blog/brain-games-for-the-whole-family/,commercial,education-brain,brain-training-games,mental-math-memory-games,unknown,unknown,unknown,editorial selection — not observed in the Autocomplete sample,brain games for kids and adults; family math games; content rating everyone; taking turns on one device; brain games to play together,can you play a single player brain game together; brain games for kids and parents at the same time; how to play a maths app as a family; what does an everyone content rating mean
B,brain training apps compared,https://reigncreativellc.com/blog/brain-training-apps-compared/,commercial,education-brain,brain-training-games,mental-math-memory-games,unknown,unknown,unknown,editorial selection — not observed in the Autocomplete sample,lumosity vs elevate; brain training apps that actually work; brain games for adults; brain training app features; brain game app comparison,which brain training app covers the most cognitive areas; what does lumosity say it trains; how many exercises does brainhq have; what is the difference between elevate and peak
B,brain training for adults,https://reigncreativellc.com/blog/brain-training-for-busy-adults/,commercial,education-brain,brain-training-games,mental-math-memory-games,unknown,unknown,unknown,editorial selection — not observed in the Autocomplete sample,mental math for adults; brain training apps for adults; adult brain exercises; brain games for working adults; ten minute brain workout,how to fit brain training into a busy day; short daily mental math routine for adults; what should a ten minute practice session contain; brain training for adults with no time
B,brain training myths,https://reigncreativellc.com/blog/brain-training-questions-answered/,informational,education-brain,brain-training-games,mental-math-memory-games,unknown,unknown,unknown,editorial selection — not observed in the Autocomplete sample,do brain games make you smarter; brain training misconceptions; ten percent brain myth; left brain right brain myth; brain games claims,are brain training claims true; does a brain game score mean anything; do brain games prevent dementia; is the ten percent brain myth true
C,how to filter a history timeline by region,https://reigncreativellc.com/blog/browsing-history-by-region-and-era/,informational,education-brain,world-history-timelines,world-history-timeline-sim,unknown,unknown,unknown,editorial selection — not observed in the Autocomplete sample,browse history by era; history timeline filters; how to explore history by country; thematic history browsing; history timeline navigation tips; faceted browsing explained,how do i find events from one country on a history timeline; best way to explore a large history database; should i study history chronologically or thematically; how to narrow down a history app to one topic
B,how to do budget math in your head,https://reigncreativellc.com/blog/budget-math-in-your-head/,informational,education-brain,mental-math,mental-math-memory-games,unknown,unknown,unknown,editorial selection — not observed in the Autocomplete sample,mental budgeting method; rounding up to stay under budget; running total shopping; estimate a shopping total; budget speed math,how do you keep a running total while shopping; should you round prices up or to the nearest; how do you estimate a shopping total in your head; how much cushion does rounding up give you
A,how to add tower spots in tower defense,https://reigncreativellc.com/blog/build-pads-and-custom-tower-positions/,informational,action-arcade,—,regal-tower-defense,unknown,unknown,unknown,editorial selection — not observed in the Autocomplete sample,build pads tower defense; custom tower placement; tower defense placement rules; creating tower positions; tower defense map geometry; where to put towers,can you make your own tower spots in a tower defense game; where can a build pad be placed; why is there nowhere to build near the bend; is a build pad worth the coins
A,how to bulk scan trading cards,https://reigncreativellc.com/blog/bulk-scanning-a-card-collection/,informational,video-utility,—,tcg-card-grading-scanner,unknown,unknown,unknown,editorial selection — not observed in the Autocomplete sample,bulk card scanner; cataloguing a card collection; card collection inventory; scanning a stack of cards; card quantities and variants; trading card inventory app,how to catalogue hundreds of trading cards; how to keep duplicate counts accurate when scanning cards; why does the scanner pick the wrong printing; how to fix a wrong entry in a card collection
C,how long did the byzantine empire last,https://reigncreativellc.com/blog/byzantium-a-thousand-years/,informational,education-brain,civilizations-and-empires,world-history-timeline-sim,unknown,unknown,unknown,editorial selection — not observed in the Autocomplete sample,byzantine empire explained; why is it called byzantine; justinian reconquest; byzantine empire timeline; what happened to the eastern roman empire; fall of constantinople 1453,when did the byzantine empire start; did the roman empire really fall in 476; what was the last byzantine city; who conquered constantinople
B,can you improve your iq,https://reigncreativellc.com/blog/can-practice-raise-an-iq-score/,informational,education-brain,iq-tests-and-reasoning,mental-math-memory-games,unknown,unknown,unknown,observed in Google Autocomplete 2026-09-21 (US/en),can you improve your iq as an adult; practice effect testing; test retest gains; does training raise iq; retest interval,does practising iq questions raise your score; how much do scores rise on a retest; is a higher second score real improvement; how long should you wait before retesting
A,cantonese sentence final particles,https://reigncreativellc.com/blog/cantonese-sentence-final-particles/,informational,language-learning,—,learn-cantonese,unknown,unknown,unknown,editorial selection — not observed in the Autocomplete sample,cantonese particles list; what does me1 mean in cantonese; cantonese laa3 particle; cantonese utterance particles; how to sound natural in cantonese,why does my cantonese sound blunt; how many sentence final particles does cantonese have; are cantonese particles the same as tones; which cantonese particles should a beginner learn first
B,why do i keep making careless mistakes in math,https://reigncreativellc.com/blog/careless-arithmetic-mistakes/,informational,education-brain,mental-math,mental-math-memory-games,unknown,unknown,unknown,observed in Google Autocomplete 2026-09-21 (US/en),silly mistakes in maths; how to stop making careless errors; checking your arithmetic; slip vs mistake; error checking strategies,how do i stop making silly mistakes in maths; what is the difference between a slip and a mistake; how do you check an arithmetic answer quickly
C,cause and effect in history explained,https://reigncreativellc.com/blog/cause-and-effect-in-history/,informational,education-brain,history-learning-methods,world-history-timeline-sim,unknown,unknown,unknown,observed in Google Autocomplete 2026-09-21 (US/en),difference between cause and trigger; long term and short term causes; necessary and sufficient causes history; how to write about causation in history; multiple causation explained,what is the difference between a cause and a trigger; how do historians decide what caused an event; what is a necessary cause in history; how to structure a causes paragraph
B,change detection task,https://reigncreativellc.com/blog/change-detection-tasks/,informational,education-brain,memory-and-attention,mental-math-memory-games,unknown,unknown,unknown,editorial selection — not observed in the Autocomplete sample,whats missing memory game; change blindness explained; spot the change task; visual short term memory capacity; detecting a removed item,what is a change detection task; why do people miss obvious changes; how much can visual working memory hold; how to get better at spot the difference games
C,deadliest wars in chinese history,https://reigncreativellc.com/blog/chinas-deadliest-rebellions/,informational,education-brain,major-historical-events,world-history-timeline-sim,unknown,unknown,unknown,editorial selection — not observed in the Autocomplete sample,an lushan rebellion death toll; taiping rebellion explained; three kingdoms war casualties; why are chinese war death tolls uncertain; chinese census records history,how many people died in the taiping rebellion; was the an lushan rebellion the deadliest war in history; how reliable are chinese census records; why do chinese death tolls vary so much
C,ancient china dynasties in order,https://reigncreativellc.com/blog/chinese-dynasties-in-chronological-order/,informational,education-brain,world-history-timelines,world-history-timeline-sim,unknown,unknown,unknown,observed in Google Autocomplete 2026-09-21 (US/en),chinese dynasties timeline; list of chinese dynasties; is the xia dynasty real; what came after the han dynasty; how long did each chinese dynasty last,which chinese dynasty is the oldest confirmed by archaeology; where do chinese dynasty dates come from; what is the xia shang zhou chronology project
C,why was the chola empire important,https://reigncreativellc.com/blog/chola-empire-maritime-power/,informational,education-brain,civilizations-and-empires,world-history-timeline-sim,unknown,unknown,unknown,editorial selection — not observed in the Autocomplete sample,chola dynasty explained; chola naval expeditions srivijaya; rajendra chola; brihadisvara temple; south indian empires history,did the cholas invade southeast asia; what did the chola empire control; how do we know about the chola empire; who built the brihadisvara temple
B,how to choose a difficulty level,https://reigncreativellc.com/blog/choosing-a-difficulty-level/,informational,education-brain,brain-training-games,mental-math-memory-games,unknown,unknown,unknown,editorial selection — not observed in the Autocomplete sample,what difficulty should i practice at; desirable difficulty; too easy practice; adaptive difficulty explained; difficulty selection guide,what difficulty should i practice maths at; how hard should practice feel; when to move up a difficulty level; what does adaptive difficulty actually change
C,what was cleopatra really like,https://reigncreativellc.com/blog/cleopatra-beyond-the-legend/,informational,education-brain,historical-people,world-history-timeline-sim,unknown,unknown,unknown,editorial selection — not observed in the Autocomplete sample,cleopatra vii facts; how did cleopatra die; cleopatra ptolemaic egypt; contemporary portraits of cleopatra; roman propaganda against cleopatra; plutarch life of antony,did cleopatra really die from a snake bite; what sources do we have for cleopatra; was cleopatra greek or egyptian; how old was cleopatra when she died; is there a real portrait of cleopatra
A,college recruiting basketball career mode,https://reigncreativellc.com/blog/college-recruiting-in-basketball-career-mode/,informational,sports-gm,—,pro-basketball-my-career-sim,unknown,unknown,unknown,editorial selection — not observed in the Autocomplete sample,basketball career sim college stage; youth to pro career progression game; high school stage career mode; how recruiting works in sports games; prospect development basketball sim,what happens before the draft in a basketball career mode; how does the college stage work in a career sim; should i pick minutes or prestige at the college stage; does the youth stage matter in a career game
C,columbian exchange explained,https://reigncreativellc.com/blog/columbian-exchange-explained/,informational,education-brain,major-historical-events,world-history-timeline-sim,unknown,unknown,unknown,observed in Google Autocomplete 2026-09-21 (US/en),columbian exchange effects; what crops came from the americas; disease in the columbian exchange; how did the potato change europe; indigenous population decline after 1492,how many indigenous people died after 1492; what foods came from the new world; was the columbian exchange good or bad; why do estimates of indigenous population vary so much
C,common history myths,https://reigncreativellc.com/blog/common-history-myths-corrected/,informational,education-brain,history-learning-methods,world-history-timeline-sim,unknown,unknown,unknown,observed in Google Autocomplete 2026-09-21 (US/en),history misconceptions list; things you were taught that are wrong history; popular history myths debunked; historical myths in textbooks; why do history myths persist,did vikings wear horned helmets; can you see the great wall of china from space; were the salem witches burned; who actually built the egyptian pyramids
B,common reasoning mistakes,https://reigncreativellc.com/blog/common-reasoning-mistakes/,informational,education-brain,logic-and-pattern-puzzles,mental-math-memory-games,unknown,unknown,unknown,editorial selection — not observed in the Autocomplete sample,common errors in reasoning; common mistakes in problem solving; reasoning traps; why smart people get puzzles wrong; checking your reasoning,what is the difference between a valid and a true argument; why can a sequence have more than one correct answer; what is affirming the consequent; how do you check your own reasoning on a puzzle
B,how to compare fractions,https://reigncreativellc.com/blog/comparing-fractions-mentally/,informational,education-brain,mental-math,mental-math-memory-games,unknown,unknown,unknown,observed in Google Autocomplete 2026-09-21 (US/en),compare fractions with different denominators; benchmark fractions; cross multiply to compare; which fraction is bigger; comparing to one half,how do you tell which fraction is bigger without a calculator; how do you compare fractions with different denominators; what is the benchmark method for fractions; when should you cross multiply to compare fractions
B,compensation strategy math,https://reigncreativellc.com/blog/compensation-strategy-in-arithmetic/,informational,education-brain,mental-math,mental-math-memory-games,unknown,unknown,unknown,observed in Google Autocomplete 2026-09-21 (US/en),compensation strategy maths addition; compensation subtraction; round and adjust method; adding 99 trick; equal addition method,how does the compensation strategy work in maths; do you add or subtract when you compensate; how to add 199 in your head; why do i get the compensation correction backwards
B,conditional reasoning explained,https://reigncreativellc.com/blog/conditional-reasoning-if-then/,informational,education-brain,logic-and-pattern-puzzles,mental-math-memory-games,unknown,unknown,unknown,editorial selection — not observed in the Autocomplete sample,affirming the consequent; denying the antecedent; modus ponens modus tollens; if then logic; contrapositive explained,what are the four conditional inference forms; why is affirming the consequent invalid; what does only if mean in logic; how do you reverse an if then statement safely
C,why are some historical figures controversial,https://reigncreativellc.com/blog/contested-legacies-in-history/,informational,education-brain,historical-people,world-history-timeline-sim,unknown,unknown,unknown,editorial selection — not observed in the Autocomplete sample,should statues be removed; presentism in history; how historians judge the past; contested historical legacies examples; reassessing historical figures,is it fair to judge the past by today's standards; why do museums reassess their collections; what is presentism in history; how should contested monuments be handled
B,counting up subtraction strategy,https://reigncreativellc.com/blog/counting-up-subtraction/,informational,education-brain,mental-math,mental-math-memory-games,unknown,unknown,unknown,editorial selection — not observed in the Autocomplete sample,subtraction mental math strategies; making change mentally; difference as distance; shopkeeper method subtraction; counting on to subtract,how do you subtract by counting up; why is counting up easier than borrowing; how to work out change in your head; what is the difference model of subtraction
B,vedic multiplication vertically and crosswise,https://reigncreativellc.com/blog/cross-multiplication-in-one-pass/,informational,education-brain,mental-math,mental-math-memory-games,unknown,unknown,unknown,editorial selection — not observed in the Autocomplete sample,cross multiplication pattern; mental foil; two digit multiplication one line; digit by digit multiplication; vedic maths two digit,how does vertically and crosswise multiplication work; how to multiply two digit numbers in one line; why does the cross multiplication pattern work; how to extend crosswise multiplication to three digits
B,daily brain exercise,https://reigncreativellc.com/blog/daily-challenge-formats-explained/,informational,education-brain,brain-training-games,mental-math-memory-games,unknown,unknown,unknown,editorial selection — not observed in the Autocomplete sample,daily brain exercises for adults; daily math challenge; what is a daily challenge; daily puzzle format; one puzzle a day,how does a daily challenge generate the same puzzle for everyone; why can you only play a daily challenge once; what is a date seeded puzzle; are daily challenges good practice
C,how archaeologists date native american sites,https://reigncreativellc.com/blog/dating-north-america-before-columbus/,informational,education-brain,world-history-timelines,world-history-timeline-sim,unknown,unknown,unknown,editorial selection — not observed in the Autocomplete sample,dendrochronology chaco canyon; when was cahokia built; when was the haudenosaunee confederacy founded; mississippian culture dates; tree ring dating explained; radiocarbon dating north america,how accurate is tree ring dating for archaeology; how old is cahokia mounds; why did radiocarbon change iroquoian chronology; how do we date sites without written records in north america
C,how do we date southeast asian history,https://reigncreativellc.com/blog/dating-southeast-asian-history/,informational,education-brain,world-history-timelines,world-history-timeline-sim,unknown,unknown,unknown,editorial selection — not observed in the Autocomplete sample,khmer inscriptions dating; saka era explained; how do historians date angkor; chinese records of southeast asia; southeast asian chronicles as sources; dating borobudur and bagan,how do you convert a saka date to a gregorian year; why do sources disagree about the date of angkor wat; what evidence dates srivijaya and bagan; how reliable are southeast asian court chronicles
B,deductive reasoning examples,https://reigncreativellc.com/blog/deductive-reasoning-examples/,informational,education-brain,logic-and-pattern-puzzles,mental-math-memory-games,unknown,unknown,unknown,observed in Google Autocomplete 2026-09-21 (US/en),deductive reasoning examples in real life; what is deductive reasoning; valid vs sound argument; deductive argument structure; deduction in everyday life,can a valid argument have a false conclusion; how do you prove an argument is invalid; what is the difference between valid and sound; why do believable conclusions seem logical
C,how far back does human history go,https://reigncreativellc.com/blog/deep-time-on-a-history-timeline/,informational,education-brain,world-history-timelines,world-history-timeline-sim,unknown,unknown,unknown,editorial selection — not observed in the Autocomplete sample,difference between prehistory and history; when does human history start; oldest human fossils; how long ago were stone tools invented; deep time explained,how old are the oldest stone tools; how long ago did humans split from apes; why is prehistory not on most history timelines
B,delayed recall memory test,https://reigncreativellc.com/blog/delayed-recall-explained/,informational,education-brain,memory-and-attention,mental-math-memory-games,unknown,unknown,unknown,observed in Google Autocomplete 2026-09-21 (US/en),what is delayed recall; delayed recall vs immediate recall; retention interval; holding an answer through a delay; free recall after a delay,what is a retention interval in memory research; why is a filled delay harder than an empty one; does time alone cause forgetting; what is the brown peterson task
B,deliberate practice explained,https://reigncreativellc.com/blog/deliberate-practice-in-brain-games/,informational,education-brain,brain-training-games,mental-math-memory-games,unknown,unknown,unknown,observed in Google Autocomplete 2026-09-21 (US/en),deliberate practice definition; deliberate practice vs repetition; feedback loop practice; practice at the edge of ability; purposeful practice,what is the difference between practice and deliberate practice; how do i make my practice deliberate; does deliberate practice actually explain expertise; how much of performance does practice explain
A,language learning dictation practice,https://reigncreativellc.com/blog/dictation-practice-in-a-new-script/,informational,language-learning,—,learn-lao,unknown,unknown,unknown,editorial selection — not observed in the Autocomplete sample,dictation exercise language; dictogloss explained; partial dictation listening; how to practise writing a new script; listening and writing drill,does dictation help with language learning; what is the difference between dictation and shadowing; should i handwrite or type when learning a new script; how long should a dictation session be
C,did people think the earth was flat,https://reigncreativellc.com/blog/did-people-think-the-earth-was-flat/,informational,education-brain,history-learning-methods,world-history-timeline-sim,unknown,unknown,unknown,observed in Google Autocomplete 2026-09-21 (US/en),did people think the earth was flat before columbus; who invented the flat earth myth; medieval knowledge of a spherical earth; washington irving columbus myth; aristotle spherical earth argument,when did people work out the earth is round; did columbus prove the earth was round; how did ancient greeks know the earth was a sphere; where did the flat earth story come from
B,digit span test explained,https://reigncreativellc.com/blog/digit-span-explained/,informational,education-brain,memory-and-attention,mental-math-memory-games,unknown,unknown,unknown,editorial selection — not observed in the Autocomplete sample,what is digit span; forward digit span; average digit span; digit span task; short term memory test with numbers,how is a digit span score calculated; how many digits can most people remember; does practising digit span increase memory capacity; what does a digit span task measure
A,how important is a goal kicker in rugby,https://reigncreativellc.com/blog/drafting-a-goal-kicker-in-rugby/,informational,sports-gm,—,rugby-draft-pro-league,unknown,unknown,unknown,editorial selection — not observed in the Autocomplete sample,drafting a rugby kicker; rugby goal kicking value; conversion and penalty points; rugby specialist positions draft; rugby squad depth kicker,how many points does a goal kicker add; should i draft a kicker early in rugby; who kicks if the goal kicker is off the field; why does a try in the corner cost points
A,endless mode vs campaign mode,https://reigncreativellc.com/blog/endless-mode-vs-campaign-shooters/,informational,action-arcade,—,space-galaxy-attack-hardcore,unknown,unknown,unknown,editorial selection — not observed in the Autocomplete sample,endless mode practice; should i grind endless mode; arcade game practice schedule; getting better at shooters; campaign mode vs survival mode,does playing endless mode make you better; is grinding a level good practice; which mode should i play when stuck; why does repeating a level stop helping
A,stamina and morale in football career mode,https://reigncreativellc.com/blog/energy-and-morale-in-match-decisions/,informational,sports-gm,—,soccer-career-sim-xi,unknown,unknown,unknown,editorial selection — not observed in the Autocomplete sample,energy in soccer career sim; why do my actions fail late in matches; match situation weighting career mode; football sim fatigue model; morale effect football game,why does the same action succeed early and fail late; does stamina matter in a soccer career sim; what is the difference between energy and morale in a career game; do footballers really run less in the second half
B,how to estimate sales tax,https://reigncreativellc.com/blog/estimating-sales-tax/,informational,education-brain,mental-math,mental-math-memory-games,unknown,unknown,unknown,editorial selection — not observed in the Autocomplete sample,how to calculate sales tax in your head; tax estimation trick; 8.25 percent mentally; adding tax to a price quickly; sales tax mental math,how do you work out 8.25 percent in your head; how do you add sales tax to a price quickly; why are sales tax rates not round numbers; how accurate is estimating tax at 10 percent
C,famous explorers in history,https://reigncreativellc.com/blog/famous-explorers-in-history/,informational,education-brain,historical-people,world-history-timeline-sim,unknown,unknown,unknown,observed in Google Autocomplete 2026-09-21 (US/en),who was tupaia; age of exploration explorers list; indigenous guides of exploration; sacagawea role; why did europeans explore; inuit guides arctic expeditions,who really guided the famous explorers; was sacagawea a guide or an interpreter; who was tupaia on captain cook's ship; what happened to the taino after columbus; who reached the north pole with peary
B,fibonacci sequence explained,https://reigncreativellc.com/blog/fibonacci-and-recursive-sequences/,informational,education-brain,logic-and-pattern-puzzles,mental-math-memory-games,unknown,unknown,unknown,observed in Google Autocomplete 2026-09-21 (US/en),fibonacci numbers explained; recursive sequence definition; lucas numbers; golden ratio and fibonacci; sequences defined by earlier terms,what is a recursive sequence in maths; how do lucas numbers differ from fibonacci numbers; do fibonacci ratios really converge to the golden ratio
B,how to find the original price before a discount,https://reigncreativellc.com/blog/finding-the-original-price-before-a-discount/,informational,education-brain,mental-math,mental-math-memory-games,unknown,unknown,unknown,editorial selection — not observed in the Autocomplete sample,reverse percentage calculation; original price from discounted price; how to calculate a discount backwards; percentage decrease reversed; what was it before the sale,how do you work out the price before a discount was applied; why can't you add the percentage back to a sale price; how do you reverse a stacked discount; how do you remove sales tax from a total
B,number pattern rules,https://reigncreativellc.com/blog/finding-the-rule-in-a-number-pattern/,informational,education-brain,logic-and-pattern-puzzles,mental-math-memory-games,unknown,unknown,unknown,observed in Google Autocomplete 2026-09-21 (US/en),number sequence rules; second differences; finite difference method; how to find the nth term; polynomial sequence rule,how do you find the rule of a number pattern; what do second differences tell you; how to find the nth term of a quadratic sequence
A,coloring app fill tool not working,https://reigncreativellc.com/blog/fixing-fill-tool-mistakes-in-coloring-apps/,informational,anime-creative,—,anime-coloring-book,unknown,unknown,unknown,editorial selection — not observed in the Autocomplete sample,fill tool leaked into the whole picture; how to fix a flood fill mistake; background eraser vs eraser; why did my paint bucket fill everything; coloring app undo; fill tool only filled part of the shape,why does the fill tool colour the whole page; how do i undo a fill in a coloring app; what is the background eraser for; fill tool leaves a gap around the edge
B,fluid vs crystallized intelligence,https://reigncreativellc.com/blog/fluid-and-crystallized-intelligence/,informational,education-brain,iq-tests-and-reasoning,mental-math-memory-games,unknown,unknown,unknown,observed in Google Autocomplete 2026-09-21 (US/en),fluid intelligence examples; crystallized intelligence examples; cattell horn carroll; gf gc theory; does fluid intelligence decline with age,what is the difference between fluid and crystallized intelligence; examples of crystallized intelligence in daily life; does crystallized intelligence increase with age; which abilities decline first with age
B,fraction to percent conversion,https://reigncreativellc.com/blog/fraction-decimal-percent-conversions/,informational,education-brain,mental-math,mental-math-memory-games,unknown,unknown,unknown,observed in Google Autocomplete 2026-09-21 (US/en),converting fractions to decimals; decimal to percent; fraction decimal percent chart; repeating decimals from fractions; which fractions terminate,how do you turn a fraction into a percent without dividing; which fractions give repeating decimals; how do you convert a decimal to a fraction; why does one seventh repeat forever
C,what caused the french revolution,https://reigncreativellc.com/blog/french-revolution-causes-and-phases/,informational,education-brain,major-historical-events,world-history-timeline-sim,unknown,unknown,unknown,editorial selection — not observed in the Autocomplete sample,the french revolution timeline; phases of the french revolution; what was the reign of terror; estates general 1789; french revolution consequences,why did the french revolution turn violent; what were the stages of the french revolution; what did the declaration of the rights of man say; when did the french revolution end
B,iq quiz for fun,https://reigncreativellc.com/blog/fun-iq-quizzes-versus-real-assessments/,informational,education-brain,iq-tests-and-reasoning,mental-math-memory-games,unknown,unknown,unknown,observed in Google Autocomplete 2026-09-21 (US/en),iq test for fun; iq questions for fun; entertainment quiz vs assessment; is an online iq quiz real; quiz app disclaimers,is a fun iq quiz a real test; how do i know if a quiz is a real assessment; what makes a test standardised; are quiz apps allowed to say iq
B,geometric sequence explained,https://reigncreativellc.com/blog/geometric-sequences-explained/,informational,education-brain,logic-and-pattern-puzzles,mental-math-memory-games,unknown,unknown,unknown,observed in Google Autocomplete 2026-09-21 (US/en),geometric progression explained; geometric sequence formula; common ratio; exponential growth sequence; geometric series sum,how do you find the common ratio of a sequence; what happens when the common ratio is negative; why does an infinite geometric series have a finite sum
C,difference between ghana mali and songhai,https://reigncreativellc.com/blog/ghana-mali-songhai-empires/,informational,education-brain,civilizations-and-empires,world-history-timeline-sim,unknown,unknown,unknown,editorial selection — not observed in the Autocomplete sample,west african empires timeline; songhai empire explained; ghana empire trade; how did mali become rich; sahel empires gold and salt; askia mohamed tomb,were ghana mali and songhai the same empire; which came first ghana mali or songhai; what was traded across the sahara; why was timbuktu important
C,who built great zimbabwe,https://reigncreativellc.com/blog/great-zimbabwe-and-mutapa/,informational,education-brain,civilizations-and-empires,world-history-timeline-sim,unknown,unknown,unknown,editorial selection — not observed in the Autocomplete sample,great zimbabwe history; mutapa empire explained; great zimbabwe stone walls; why was great zimbabwe abandoned; shona history; khami ruins zimbabwe,when was great zimbabwe built; what were the great zimbabwe birds; was great zimbabwe built by the queen of sheba; what replaced great zimbabwe
B,visual memory grid test,https://reigncreativellc.com/blog/grid-and-position-memory/,informational,education-brain,memory-and-attention,mental-math-memory-games,unknown,unknown,unknown,editorial selection — not observed in the Autocomplete sample,spatial memory grid; remember positions on a grid; visual spatial memory task; grid recall test; corsi style task,how do you remember positions on a grid; why is grid memory harder than remembering a list; what is a visuospatial memory task; strategies for grid memory games
B,simon memory game explained,https://reigncreativellc.com/blog/growing-sequence-memory-games/,informational,education-brain,memory-and-attention,mental-math-memory-games,unknown,unknown,unknown,editorial selection — not observed in the Autocomplete sample,simon says memory game; growing pattern memory; sequence memory game strategy; how far can you get in simon; serial position effect,why do i forget the middle of a sequence; how to get further in a simon style memory game; what is the serial position effect in serial recall; does chunking help with sequence memory
C,why is the haitian revolution important,https://reigncreativellc.com/blog/haitian-revolution-explained/,informational,education-brain,major-historical-events,world-history-timeline-sim,unknown,unknown,unknown,editorial selection — not observed in the Autocomplete sample,haitian revolution timeline; saint domingue slave revolt; haiti independence 1804; haiti indemnity to france; toussaint louverture and napoleon; haiti double debt,when did the haitian revolution start and end; how much did haiti pay france for independence; who wrote the haitian declaration of independence; why is the haitian revolution left out of textbooks
B,how to help a child with math facts,https://reigncreativellc.com/blog/helping-a-child-with-math-facts/,informational,education-brain,mental-math,mental-math-memory-games,unknown,unknown,unknown,editorial selection — not observed in the Autocomplete sample,how to help child learn math facts; math facts fluency at home; times tables help for parents; math games for kids at home; short practice sessions for children,how long should a child practise times tables; should i use a timer for maths practice at home; how do i help with maths homework without arguing
A,heritage language learner,https://reigncreativellc.com/blog/heritage-language-learners-shanghainese/,informational,language-learning,—,learn-shanghainese,unknown,unknown,unknown,editorial selection — not observed in the Autocomplete sample,heritage language definition; relearning a family language; heritage shanghainese speaker; passive bilingual study plan; reconnecting with a family language,what is a heritage language learner; how to relearn the language your grandparents spoke; i understand but cannot speak my family language; should heritage learners start at beginner level
C,converting hijri dates to the gregorian calendar,https://reigncreativellc.com/blog/hijri-calendar-and-historical-dating/,informational,education-brain,world-history-timelines,world-history-timeline-sim,unknown,unknown,unknown,editorial selection — not observed in the Autocomplete sample,how does the islamic calendar work; what does ah mean in dates; why do islamic dates shift each year; hijri to gregorian conversion explained; tabular islamic calendar,why do two books give different years for the same islamic date; how many days is an islamic year; what is the epoch of the hijri calendar
C,history apps compared,https://reigncreativellc.com/blog/history-apps-compared-for-self-study/,commercial,education-brain,history-learning-methods,world-history-timeline-sim,unknown,unknown,unknown,editorial selection — not observed in the Autocomplete sample,free history learning resources; best way to learn world history online; khan academy world history; oer project world history; history learning app vs online course,what is the difference between a history app and an online history course; free ways to learn world history online; which history resources cite their sources; can i learn world history offline
C,history of inventions timeline,https://reigncreativellc.com/blog/history-of-inventions-timeline/,informational,education-brain,world-history-timelines,world-history-timeline-sim,unknown,unknown,unknown,observed in Google Autocomplete 2026-09-21 (US/en),timeline of important inventions; oldest inventions in history; how inventions changed the world; inventions by era; who invented the wheel; history of technology overview,what is the oldest invention in human history; why is it hard to say who invented something; which inventions came from outside europe; how do historians date early technology
C,history timeline maker tools compared,https://reigncreativellc.com/blog/history-timeline-tools-compared/,commercial,education-brain,history-learning-methods,world-history-timeline-sim,unknown,unknown,unknown,editorial selection — not observed in the Autocomplete sample,timeline maker for students; timelinejs knight lab; how to make an interactive timeline; timeline software for history projects; browse a timeline vs build a timeline,which free timeline maker suits a school project; can i embed an interactive timeline on a website; do i want to build a timeline or read one; how do i export a timeline i made
A,hockey career mode archetypes,https://reigncreativellc.com/blog/hockey-career-archetypes-explained/,informational,sports-gm,—,hockey-career-sim,unknown,unknown,unknown,editorial selection — not observed in the Autocomplete sample,hockey career archetype guide; scorer vs playmaker hockey; shutdown defenceman career mode; goalie career path hockey game; which hockey archetype to pick,what is an archetype in a hockey career game; is a playmaker or a scorer better to start with; can you change archetype mid career in a hockey sim; which hockey archetype is easiest for a first career
A,how to stay first in io games,https://reigncreativellc.com/blog/holding-first-place-in-io-leaderboards/,informational,action-arcade,—,jellyfish-arena-survivor-io,unknown,unknown,unknown,editorial selection — not observed in the Autocomplete sample,io leaderboard strategy; keeping first place io game; arena leader tactics; live leaderboard games; eat and grow late game,why do i lose first place immediately; how to defend a lead in an io arena; should you keep eating when you are first; what does the crown do in io games
C,how is african history dated,https://reigncreativellc.com/blog/how-african-history-is-dated/,informational,education-brain,world-history-timelines,world-history-timeline-sim,unknown,unknown,unknown,editorial selection — not observed in the Autocomplete sample,oral tradition as historical evidence; african chronology methods; glottochronology and bantu languages; how archaeologists date great zimbabwe; king lists in african history; timbuktu manuscripts as sources,can oral history be used as historical evidence; how do we know when great zimbabwe was built; when did the bantu expansion begin; what written sources exist for precolonial africa
C,how did decolonization happen,https://reigncreativellc.com/blog/how-decolonisation-happened/,informational,education-brain,major-historical-events,world-history-timeline-sim,unknown,unknown,unknown,editorial selection — not observed in the Autocomplete sample,decolonization timeline; why did european empires end; african independence years; decolonisation in asia; un resolution 1514,how many countries became independent after 1945; what is un resolution 1514; was independence granted or won; what are non-self-governing territories
B,how is iq measured,https://reigncreativellc.com/blog/how-iq-scores-are-calculated/,informational,education-brain,iq-tests-and-reasoning,mental-math-memory-games,unknown,unknown,unknown,observed in Google Autocomplete 2026-09-21 (US/en),deviation iq explained; how does iq get measured; standard deviation 15; raw score to scaled score; norm referenced score,how is an iq score calculated; what is a deviation iq; why is iq not a percentage; how does norming work on an iq test
B,how long should a brain training session be,https://reigncreativellc.com/blog/how-long-a-brain-training-session-should-be/,informational,education-brain,brain-training-games,mental-math-memory-games,unknown,unknown,unknown,editorial selection — not observed in the Autocomplete sample,how long to practice mental math; brain training session length; daily brain exercises; practice dose; how much practice per day,how many minutes a day should i do brain training; is a long brain training session better than a short one; how long does it take to see progress in mental math practice; what happens if you practise for an hour
C,how long have aboriginal people lived in australia,https://reigncreativellc.com/blog/how-long-people-have-lived-in-australia/,informational,education-brain,world-history-timelines,world-history-timeline-sim,unknown,unknown,unknown,editorial selection — not observed in the Autocomplete sample,oldest archaeological site in australia; madjedbebe dating; how is optically stimulated luminescence dating used; aboriginal oral history as evidence; when did people first reach sahul,why do sources give different dates for aboriginal occupation of australia; what does optical dating measure; how old is lake mungo
C,how did mughal empire expand,https://reigncreativellc.com/blog/how-the-mughal-empire-expanded/,informational,education-brain,civilizations-and-empires,world-history-timeline-sim,unknown,unknown,unknown,observed in Google Autocomplete 2026-09-21 (US/en),mughal empire timeline; akbar administration; mansabdari system explained; why did the mughal empire decline; aurangzeb policies,what made the mughal empire grow so fast; did aurangzeb cause the mughal decline; how did mughal succession work; when did the mughal empire end
C,how to analyze a primary source,https://reigncreativellc.com/blog/how-to-analyse-a-primary-source/,informational,education-brain,history-learning-methods,world-history-timeline-sim,unknown,unknown,unknown,observed in Google Autocomplete 2026-09-21 (US/en),how to read a primary source; primary source analysis questions; sourcing contextualising corroborating; how to interpret a historical document; primary source analysis worksheet method,what questions should i ask of a primary source; how do historians analyse documents; steps for analysing a historical document; how to tell what a source cannot prove
C,how to make a country history timeline,https://reigncreativellc.com/blog/how-to-build-a-country-history-timeline/,informational,education-brain,history-learning-methods,world-history-timeline-sim,unknown,unknown,unknown,editorial selection — not observed in the Autocomplete sample,how to research a country's history; national history timeline template; where to find reliable country history sources; how to structure a history timeline; country timeline project ideas,how do i research the history of a country; what should go on a national history timeline; how to find a country's national archive; how to handle disputed dates in a timeline
C,how to fact check a history claim,https://reigncreativellc.com/blog/how-to-check-a-historical-superlative/,informational,education-brain,history-learning-methods,world-history-timeline-sim,unknown,unknown,unknown,editorial selection — not observed in the Autocomplete sample,how to check a historical claim; biggest empire in history claim; what does largest actually mean; verifying historical records claims; oldest in the world claims,how do i check if a history fact is true; why do sources disagree about the oldest university; what does first city actually mean; how are records defined and measured
C,why is the 1400s the 15th century,https://reigncreativellc.com/blog/how-to-count-centuries-correctly/,informational,education-brain,world-history-timelines,world-history-timeline-sim,unknown,unknown,unknown,editorial selection — not observed in the Autocomplete sample,how to work out which century a year is in; why does the century number not match the year; how to count centuries bce; what century was 1900 in; century numbering explained,what century is 1492 in; is 1900 in the 19th or 20th century; how do you count centuries before christ
B,how to improve concentration,https://reigncreativellc.com/blog/how-to-improve-concentration/,informational,education-brain,memory-and-attention,mental-math-memory-games,unknown,unknown,unknown,observed in Google Autocomplete 2026-09-21 (US/en),how to improve concentration and focus; how to concentrate while studying; focus without willpower; reducing interruptions; attention residue,how do you concentrate for longer; what does an interruption actually cost; how long should a focused work session be; why do i feel drained after a busy day of small tasks
B,how to memorize numbers,https://reigncreativellc.com/blog/how-to-memorize-numbers/,informational,education-brain,memory-and-attention,mental-math-memory-games,unknown,unknown,unknown,observed in Google Autocomplete 2026-09-21 (US/en),how to memorize numbers fast; remember phone numbers; number memorisation methods; memorising digits techniques; which memory method for numbers,what is the best way to memorise a long string of digits; how do memory competitors remember numbers; is chunking better than a mnemonic system; how to remember a card number without writing it down
C,how to spot bias in history writing,https://reigncreativellc.com/blog/how-to-spot-bias-in-history-writing/,informational,education-brain,history-learning-methods,world-history-timeline-sim,unknown,unknown,unknown,editorial selection — not observed in the Autocomplete sample,how to evaluate a secondary source; historiography explained simply; is this history book reliable; author bias in history; how to read a history book critically,how do you know if a history book is biased; what is the difference between bias and perspective; how to check a history author's sources; why do historians disagree about the same event
B,how to track learning progress,https://reigncreativellc.com/blog/how-to-track-practice-progress/,informational,education-brain,brain-training-games,mental-math-memory-games,unknown,unknown,unknown,observed in Google Autocomplete 2026-09-21 (US/en),how to measure learning progress; how to track study progress; personal best tracking; comparing practice sessions; progress metrics that lie,how do i know if my practice is actually working; what should i track when practising mental math; is a personal best a good measure of progress; how much does practice performance vary between sessions
C,history essay structure,https://reigncreativellc.com/blog/how-to-write-a-history-essay/,informational,education-brain,history-learning-methods,world-history-timeline-sim,unknown,unknown,unknown,observed in Google Autocomplete 2026-09-21 (US/en),how to write a history essay introduction; thesis statement history essay; how to use evidence in a history essay; history essay paragraph structure; how to reference historical sources,how do i structure a history essay; what makes a good history thesis statement; how many sources should a history essay use; why does history use footnotes
C,how do we know what historical figures did,https://reigncreativellc.com/blog/how-we-know-what-historical-figures-did/,informational,education-brain,historical-people,world-history-timeline-sim,unknown,unknown,unknown,editorial selection — not observed in the Autocomplete sample,evidence for historical figures; how do historians research a person; what counts as biographical evidence; how reliable are ancient biographies; did this historical figure really exist; source criticism biography,how reliable are ancient biographies; how do historians know what someone said; why are famous quotes misattributed; what evidence survives about ancient rulers
C,who was ibn battuta,https://reigncreativellc.com/blog/ibn-battuta-and-the-rihla/,informational,education-brain,historical-people,world-history-timeline-sim,unknown,unknown,unknown,editorial selection — not observed in the Autocomplete sample,ibn battuta travels route; is the rihla reliable; ibn battuta vs marco polo; ibn battuta in mali; medieval travel writing as a source; tuhfat al nuzzar,how accurate is ibn battuta's account; who wrote down ibn battuta's travels; which parts of the rihla are disputed; what did ibn battuta say about mali; how far did ibn battuta really travel
C,how is indian history divided into periods,https://reigncreativellc.com/blog/indian-history-periodisation-debate/,informational,education-brain,world-history-timelines,world-history-timeline-sim,unknown,unknown,unknown,editorial selection — not observed in the Autocomplete sample,james mill periodisation of indian history; ancient medieval modern indian history; problems with hindu muslim british periodisation; early medieval india debate; colonial historiography in india; history of british india 1817,why is indian history divided into hindu muslim and british periods; who was james mill and why does his history matter; what periodisation do indian historians use now; where does the indus valley fit in indian periodisation
C,indian ocean trade network explained,https://reigncreativellc.com/blog/indian-ocean-trade-before-europeans/,informational,education-brain,major-historical-events,world-history-timeline-sim,unknown,unknown,unknown,editorial selection — not observed in the Autocomplete sample,monsoon trade routes; dhow trade history; who traded in the indian ocean; indian ocean trade goods; swahili gujarat malacca trade; maritime silk road,how did the monsoon shape indian ocean trade; what goods moved across the indian ocean; who controlled indian ocean trade before europeans; how did medieval merchants pay each other over long distances
C,indigenous resistance to colonial rule,https://reigncreativellc.com/blog/indigenous-resistance-wars-compared/,informational,education-brain,major-historical-events,world-history-timeline-sim,unknown,unknown,unknown,editorial selection — not observed in the Autocomplete sample,pueblo revolt 1680; maji maji rebellion; mau mau uprising explained; colonial counterinsurgency violence; anticolonial revolts compared,who led the pueblo revolt of 1680; what caused the maji maji rebellion; what were the hanslope park files; did any indigenous revolt against colonial rule succeed
B,inductive reasoning examples,https://reigncreativellc.com/blog/inductive-reasoning-examples/,informational,education-brain,logic-and-pattern-puzzles,mental-math-memory-games,unknown,unknown,unknown,observed in Google Autocomplete 2026-09-21 (US/en),inductive reasoning examples in real life; inductive vs deductive reasoning; generalisation from examples; strong vs weak induction; sample size and inference,what makes an inductive argument strong; why can a sequence puzzle have a surprising answer; how does sample size affect an inference; what is the new riddle of induction
C,indus valley civilization explained,https://reigncreativellc.com/blog/indus-valley-civilization-explained/,informational,education-brain,civilizations-and-empires,world-history-timeline-sim,unknown,unknown,unknown,editorial selection — not observed in the Autocomplete sample,has the indus script been deciphered; mohenjo daro and harappa; why did the indus valley civilization decline; indus valley cities layout; what language did the indus people speak; harappan civilization dates,can anyone read the indus valley script; what did ancient dna reveal about the harappans; when did the indus valley civilization end; was there an aryan invasion of the indus valley
B,proactive vs retroactive interference,https://reigncreativellc.com/blog/interference-and-forgetting/,informational,education-brain,memory-and-attention,mental-math-memory-games,unknown,unknown,unknown,editorial selection — not observed in the Autocomplete sample,interference theory forgetting; why do i forget what i just memorised; proactive interference example; retroactive interference example; release from proactive interference,what is the difference between proactive and retroactive interference; why does the third round of memorising feel harder; how do you reduce interference when studying; does switching topics help memory
B,interleaving vs blocked practice,https://reigncreativellc.com/blog/interleaving-versus-blocked-practice/,informational,education-brain,brain-training-games,mental-math-memory-games,unknown,unknown,unknown,editorial selection — not observed in the Autocomplete sample,interleaved practice maths; blocked practice definition; mixed practice problems; desirable difficulties; why mixed practice feels harder,should i mix up the problem types when i practise; why do i score worse on mixed operations; what is interleaved practice in maths; when is blocked practice better than interleaved
B,iq vs eq,https://reigncreativellc.com/blog/iq-and-emotional-intelligence/,informational,education-brain,iq-tests-and-reasoning,mental-math-memory-games,unknown,unknown,unknown,observed in Google Autocomplete 2026-09-21 (US/en),what is emotional intelligence; eq test accuracy; ability vs trait ei; is eq measurable; emotional intelligence criticism,is eq as real as iq; difference between ability and trait emotional intelligence; are online eq tests accurate; can emotional intelligence be measured
B,iq score chart explained,https://reigncreativellc.com/blog/iq-score-ranges-and-bands/,informational,education-brain,iq-tests-and-reasoning,mental-math-memory-games,unknown,unknown,unknown,editorial selection — not observed in the Autocomplete sample,iq score chart range; iq score chart percentile; iq score bands; what is a high iq score; iq classification labels,what do iq score ranges mean; how wide is an iq band; why do iq classification labels differ; is 120 a high iq score
C,japanese historical periods in order,https://reigncreativellc.com/blog/japan-from-yamato-to-meiji/,informational,education-brain,civilizations-and-empires,world-history-timeline-sim,unknown,unknown,unknown,editorial selection — not observed in the Autocomplete sample,japanese eras timeline; heian period explained; kamakura shogunate; tokugawa japan society; what is a shogun,what came after the heian period; why are japanese periods named after places; when did the shogun rule japan; what changed in the meiji restoration
B,illusion of knowing,https://reigncreativellc.com/blog/judging-your-own-recall/,informational,education-brain,memory-and-attention,mental-math-memory-games,unknown,unknown,unknown,editorial selection — not observed in the Autocomplete sample,fluency illusion studying; judgment of learning; why rereading feels effective; overconfidence in memory; self testing accuracy,why do i think i know something and then forget it; what is a judgment of learning; how do you grade yourself on flash cards; why does rereading feel like learning
A,how do tennis players turn pro,https://reigncreativellc.com/blog/junior-circuit-to-pro-tour-path/,informational,sports-gm,—,tennis-career-sim,unknown,unknown,unknown,editorial selection — not observed in the Autocomplete sample,itf junior circuit explained; junior tennis rankings; tennis tournament grades; junior accelerator programme; entry level professional tennis,what age can you play itf junior tournaments; how does a junior get into a professional draw; what are j100 and j300 tournaments; how many junior tournaments count for a ranking
C,what was the khmer empire,https://reigncreativellc.com/blog/khmer-empire-at-angkor/,informational,education-brain,civilizations-and-empires,world-history-timeline-sim,unknown,unknown,unknown,editorial selection — not observed in the Autocomplete sample,angkor wat history; khmer empire water management; why did angkor decline; jayavarman vii; angkor thom and the bayon,how big was angkor; did angkor collapse suddenly; what did lidar find at angkor; was angkor abandoned in 1431
C,what happened under the khmer rouge,https://reigncreativellc.com/blog/khmer-rouge-and-cambodian-genocide/,informational,education-brain,major-historical-events,world-history-timeline-sim,unknown,unknown,unknown,editorial selection — not observed in the Autocomplete sample,cambodian genocide explained; democratic kampuchea 1975 to 1979; khmer rouge tribunal verdicts; how many died under pol pot; eccc genocide conviction,when did the khmer rouge take power; who was convicted of genocide in cambodia; how did the khmer rouge regime end; why do khmer rouge death toll estimates vary
C,what was the kingdom of aksum,https://reigncreativellc.com/blog/kingdom-of-aksum-explained/,informational,education-brain,civilizations-and-empires,world-history-timeline-sim,unknown,unknown,unknown,editorial selection — not observed in the Autocomplete sample,aksumite empire explained; ezana of axum; aksum stelae; why was aksum important; when did ethiopia become christian; axum obelisk history,how big was the aksumite empire; who was king ezana; why did the aksum obelisks fall; what language did aksum use
C,korean dynasties explained,https://reigncreativellc.com/blog/korean-dynasties-explained/,informational,education-brain,civilizations-and-empires,world-history-timeline-sim,unknown,unknown,unknown,editorial selection — not observed in the Autocomplete sample,three kingdoms of korea; goryeo dynasty history; joseon dynasty explained; korean history timeline; when was hangul created,what were the three kingdoms of korea; how long did the joseon dynasty last; who created the korean alphabet; why do sources disagree about goguryeo dates
C,who were the nubian pharaohs,https://reigncreativellc.com/blog/kush-and-the-nubian-pharaohs/,informational,education-brain,civilizations-and-empires,world-history-timeline-sim,unknown,unknown,unknown,editorial selection — not observed in the Autocomplete sample,kingdom of kush explained; 25th dynasty of egypt; kerma civilization; meroe pyramids; nubia and egypt relationship; napatan period sudan,did nubian kings rule egypt; where was the kingdom of kush; what happened to the kingdom of kush; why are there pyramids in sudan
A,lao numbers 1 to 100,https://reigncreativellc.com/blog/lao-numbers-and-prices/,informational,language-learning,—,learn-lao,unknown,unknown,unknown,editorial selection — not observed in the Autocomplete sample,lao numerals; counting in lao; lao prices kip; how to say numbers in lao; lao digits script,how do you count from one to a hundred in lao; what are the lao numerals; why is twenty different in lao; how do you understand a price spoken in lao
C,how did latin america gain independence,https://reigncreativellc.com/blog/latin-american-independence-wars/,informational,education-brain,major-historical-events,world-history-timeline-sim,unknown,unknown,unknown,editorial selection — not observed in the Autocomplete sample,latin american independence timeline; simon bolivar campaigns; jose de san martin; mexican war of independence; brazil independence 1822; tupac amaru ii rebellion,why did latin american countries become independent at different times; did independence end slavery in latin america; who fought for spain in the independence wars; what caused the latin american wars of independence
B,lattice multiplication method,https://reigncreativellc.com/blog/lattice-and-line-multiplication/,informational,education-brain,mental-math,mental-math-memory-games,unknown,unknown,unknown,editorial selection — not observed in the Autocomplete sample,line multiplication method; stick multiplication; lattice method explained; grid multiplication; napier's bones,how does lattice multiplication work; why do the diagonals work in lattice multiplication; how does the line multiplication trick work; when does line multiplication stop working
A,learn english in marathi,https://reigncreativellc.com/blog/learning-english-from-marathi/,informational,language-learning,—,learn-marathi,unknown,unknown,unknown,editorial selection — not observed in the Autocomplete sample,english for marathi speakers; marathi to english course; reverse direction language app; english spelling for devanagari readers; study english through your own language,can i learn english using marathi explanations; why is english spelling hard for indian language speakers; how to switch a language app to the other direction; is it better to learn english through marathi or english
B,left to right addition,https://reigncreativellc.com/blog/left-to-right-addition/,informational,education-brain,mental-math,mental-math-memory-games,unknown,unknown,unknown,editorial selection — not observed in the Autocomplete sample,front end addition; adding big parts first; mental addition method; why paper algorithms fail mentally; partial sums addition,how to add from left to right in your head; what is the partial sums method; why is left to right addition easier mentally; how to handle carrying when adding left to right
B,limitations of iq tests,https://reigncreativellc.com/blog/limitations-of-iq-testing/,informational,education-brain,iq-tests-and-reasoning,mental-math-memory-games,unknown,unknown,unknown,observed in Google Autocomplete 2026-09-21 (US/en),criticisms of iq tests; what iq tests do not measure; test bias explained; cultural bias in testing; iq test problems,what are the limitations of iq testing; are iq tests biased; what is differential item functioning; why should an iq score not decide things
B,how to solve logic grid puzzles,https://reigncreativellc.com/blog/logic-grid-puzzles/,informational,education-brain,logic-and-pattern-puzzles,mental-math-memory-games,unknown,unknown,unknown,observed in Google Autocomplete 2026-09-21 (US/en),how to do grid logic puzzles; logic grid puzzle strategy; zebra puzzle method; elimination grid technique; logic puzzles for adults,how do you fill in a logic puzzle grid; what do you do when a logic puzzle stalls; why does marking a positive fill a whole row; what is a zebra puzzle
C,kingdoms of mainland southeast asia,https://reigncreativellc.com/blog/mainland-southeast-asian-kingdoms/,informational,education-brain,civilizations-and-empires,world-history-timeline-sim,unknown,unknown,unknown,editorial selection — not observed in the Autocomplete sample,pagan kingdom burma; ayutthaya kingdom history; lan xang kingdom; dai viet history; champa kingdom explained,what kingdoms existed before thailand; what was dai viet; what happened to the champa kingdom; when was ayutthaya destroyed
A,malay reduplication,https://reigncreativellc.com/blog/malay-reduplication-explained/,informational,language-learning,—,learn-malay,unknown,unknown,unknown,editorial selection — not observed in the Autocomplete sample,malay plural words; buku-buku meaning; rhythmic reduplication malay; penggandaan bahasa melayu; why are malay words repeated; kanak-kanak meaning,why do malay words get written twice; how do you make a malay noun plural; what does gunung-ganang mean; do i say dua buku or dua buku-buku
A,mma manager game contracts,https://reigncreativellc.com/blog/managing-a-fight-stable/,informational,sports-gm,—,mma-boxing-fight-draft,unknown,unknown,unknown,editorial selection — not observed in the Autocomplete sample,how fighter contracts work; boxing manager vs promoter; how boxing rankings are decided; mandatory challenger explained; building a contender in a fight sim; combat sports gm mode,what does a boxing manager actually do; why cannot a promoter also be a manager; how does a fighter become a mandatory challenger; how do i build a title contender in a fight game
C,why was mansa musa so rich,https://reigncreativellc.com/blog/mansa-musa-and-the-hajj-of-1324/,informational,education-brain,historical-people,world-history-timeline-sim,unknown,unknown,unknown,editorial selection — not observed in the Autocomplete sample,mansa musa hajj to mecca; mali empire gold; catalan atlas mansa musa; mansa musa timbuktu; trans saharan gold trade; al-umari mali,what happened on mansa musa's pilgrimage; can you convert medieval wealth into modern dollars; what sources do we have for the mali empire; was sankore a university
B,math anxiety in adults,https://reigncreativellc.com/blog/math-anxiety-in-adults/,informational,education-brain,mental-math,mental-math-memory-games,unknown,unknown,unknown,observed in Google Autocomplete 2026-09-21 (US/en),math anxiety symptoms; math anxiety definition; maths anxiety and working memory; fear of maths as an adult; math anxiety research,what is maths anxiety in adults; why does maths anxiety make me worse at maths; how do i practise maths without dreading it
B,matrix reasoning explained,https://reigncreativellc.com/blog/matrix-reasoning-puzzles/,informational,education-brain,logic-and-pattern-puzzles,mental-math-memory-games,unknown,unknown,unknown,observed in Google Autocomplete 2026-09-21 (US/en),matrix reasoning test; 3x3 matrix puzzle; progressive matrices explained; row and column rules; matrix puzzle strategy,how are matrix reasoning items constructed; what rules are used in a 3x3 matrix puzzle; how are wrong answers chosen in a matrix item; why do matrix puzzles get harder
C,maurya vs gupta empire,https://reigncreativellc.com/blog/maurya-and-gupta-empires-compared/,informational,education-brain,civilizations-and-empires,world-history-timeline-sim,unknown,unknown,unknown,editorial selection — not observed in the Autocomplete sample,difference between mauryan and gupta empire; mauryan empire explained; gupta empire achievements; ashoka empire extent; golden age of india,were the maurya and gupta empires the same; why is the gupta period called a golden age; how do we know about the mauryan empire; which indian empire was bigger maurya or gupta
C,how the maya long count calendar works,https://reigncreativellc.com/blog/maya-long-count-calendar-explained/,informational,education-brain,world-history-timelines,world-history-timeline-sim,unknown,unknown,unknown,editorial selection — not observed in the Autocomplete sample,maya calendar explained; what is a baktun; tzolkin and haab calendar; how maya dates are written; gmt correlation maya calendar,what does 9.15.5.0.0 mean in the maya calendar; why do maya dates have five numbers; how accurate is the maya calendar correlation
A,meal planning for dietary restrictions,https://reigncreativellc.com/blog/meal-planning-for-a-dietary-preference/,informational,health-nutrition,—,easy-recipes-meal-planner,unknown,unknown,unknown,editorial selection — not observed in the Autocomplete sample,cooking for different diets; one meal two diets; vegetarian and meat eaters household; family meal planning preferences; component cooking; dietary preference recipes,how to cook one meal for a vegetarian and a meat eater; meal planning when one person has a restricted diet; how to avoid cooking two dinners every night; planning a week of meals for a mixed household
C,what was the meiji restoration,https://reigncreativellc.com/blog/meiji-restoration-explained/,informational,education-brain,major-historical-events,world-history-timeline-sim,unknown,unknown,unknown,editorial selection — not observed in the Autocomplete sample,meiji restoration causes; end of the tokugawa shogunate; japan modernisation 1868; meiji reforms explained; why did japan industrialise so fast,was the meiji restoration a revolution; what did the meiji government abolish; why did the samurai lose their status; how did japan modernise so quickly
C,civilizations before the aztecs,https://reigncreativellc.com/blog/mesoamerica-before-the-aztecs/,informational,education-brain,civilizations-and-empires,world-history-timeline-sim,unknown,unknown,unknown,editorial selection — not observed in the Autocomplete sample,olmec civilization explained; who built teotihuacan; zapotec monte alban; toltec civilization; mesoamerican civilizations timeline,which civilization came before the aztecs; who actually built teotihuacan; how old is the mesoamerican calendar; were the maya and aztecs the same
B,missing number problems,https://reigncreativellc.com/blog/missing-number-problems/,informational,education-brain,logic-and-pattern-puzzles,mental-math-memory-games,unknown,unknown,unknown,editorial selection — not observed in the Autocomplete sample,missing number puzzle; find the missing number in an equation; inverse operations; solving for the blank; missing number worksheets,how do you find a missing number in an addition sentence; what is the inverse operation of subtraction; why does a blank in the middle of a subtraction behave differently; how to check a missing number answer
B,mnemonic devices for numbers,https://reigncreativellc.com/blog/mnemonic-systems-for-numbers/,informational,education-brain,memory-and-attention,mental-math-memory-games,unknown,unknown,unknown,editorial selection — not observed in the Autocomplete sample,major system memory; number shape system; number rhyme system; phonetic number mnemonic; peg system numbers,how long does it take to learn the major system; what is the number shape mnemonic system; are peg systems worth learning; how do memory athletes encode digits
A,snake game controls tips,https://reigncreativellc.com/blog/momentum-steering-in-snake-style-games/,informational,action-arcade,—,jellyfish-arena-survivor-io,unknown,unknown,unknown,editorial selection — not observed in the Autocomplete sample,momentum steering games; turning radius in io games; one finger steering controls; how to turn in snake games; slither style movement,why cant i turn fast enough in snake games; how does momentum steering work; how to escape a bigger snake; why do i keep getting cut off in io games
C,how did the mongol conquests spread so fast,https://reigncreativellc.com/blog/mongol-conquests-explained/,informational,education-brain,major-historical-events,world-history-timeline-sim,unknown,unknown,unknown,editorial selection — not observed in the Autocomplete sample,mongol empire explained; mongol military tactics; how big was the mongol empire; why did the mongols stop; genghis khan conquests timeline,why were the mongols so successful in war; how did the mongols take walled cities; what stopped the mongol advance into europe; when did the mongol empire end
B,multiply by 25 trick,https://reigncreativellc.com/blog/multiplying-by-five-and-twenty-five/,informational,education-brain,mental-math,mental-math-memory-games,unknown,unknown,unknown,editorial selection — not observed in the Autocomplete sample,multiply by 5 trick; times 25 shortcut; multiply by 50 quickly; halve and shift method; multiplying by 125,how to multiply by 25 in your head; quick way to multiply by 5; how to divide by 25 mentally; why does multiplying by 5 mean halving
B,multiply by 9 trick,https://reigncreativellc.com/blog/multiplying-by-nine-and-ninety-nine/,informational,education-brain,mental-math,mental-math-memory-games,unknown,unknown,unknown,editorial selection — not observed in the Autocomplete sample,multiply by 99 trick; nines multiplication pattern; times 9 finger trick; multiplying by numbers just below a power of ten; digit sum check,how to multiply by 9 quickly; how do you multiply by 99 in your head; why do the digits of multiples of 9 add to 9; how to check a multiplication by 9
B,dual n back training,https://reigncreativellc.com/blog/n-back-tasks-explained/,informational,education-brain,memory-and-attention,mental-math-memory-games,unknown,unknown,unknown,observed in Google Autocomplete 2026-09-21 (US/en),n back task explained; dual n back how to play; what is n back; n back training benefits; single vs dual n back,how does the n-back task work; why is dual n-back so hard; does dual n-back training improve intelligence; what is the difference between 2-back and 3-back
C,agricultural revolution explained,https://reigncreativellc.com/blog/neolithic-agricultural-revolution/,informational,education-brain,major-historical-events,world-history-timeline-sim,unknown,unknown,unknown,observed in Google Autocomplete 2026-09-21 (US/en),when did farming begin; neolithic revolution causes; independent origins of agriculture; was farming better than foraging; domestication of plants and animals; first farmers,how many times was agriculture invented; why did people start farming; did farming make life better or worse; what does domestication actually mean
B,nonverbal reasoning test explained,https://reigncreativellc.com/blog/nonverbal-reasoning-tests-explained/,informational,education-brain,iq-tests-and-reasoning,mental-math-memory-games,unknown,unknown,unknown,editorial selection — not observed in the Autocomplete sample,culture fair test; nonverbal reasoning questions; figural reasoning; language free assessment; what is nonverbal reasoning,are nonverbal reasoning tests culture fair; what is a figural reasoning item; why do employers use diagrammatic tests; do nonverbal tests remove cultural bias
B,number bonds to ten,https://reigncreativellc.com/blog/number-bonds-and-making-tens/,informational,education-brain,mental-math,mental-math-memory-games,unknown,unknown,unknown,editorial selection — not observed in the Autocomplete sample,number bonds explained; make ten strategy; complements to ten; bridging through ten; number bonds to 100,what are number bonds to 10; how to work out complements to 100 quickly; make ten strategy for adding; how do adults learn number bonds
B,number sequence puzzles,https://reigncreativellc.com/blog/number-sequence-puzzles-explained/,informational,education-brain,logic-and-pattern-puzzles,mental-math-memory-games,unknown,unknown,unknown,observed in Google Autocomplete 2026-09-21 (US/en),number sequence puzzles with answers; number pattern puzzles; how to solve number sequences; number series questions; sequence puzzle types,how do you find the rule in a number sequence; what are the types of number sequences; what comes next in a number sequence and why; do number sequence puzzles have one answer
B,numerical reasoning test explained,https://reigncreativellc.com/blog/numerical-reasoning-tests-explained/,informational,education-brain,iq-tests-and-reasoning,mental-math-memory-games,unknown,unknown,unknown,editorial selection — not observed in the Autocomplete sample,numerical reasoning practice; data interpretation test; numerical aptitude questions; percentage questions aptitude test; ratio questions test,why do i fail numerical reasoning tests; how long do you get per numerical reasoning question; what maths is on a numerical reasoning test; how to read a table in an aptitude test
B,odd one out puzzles,https://reigncreativellc.com/blog/odd-one-out-puzzles/,informational,education-brain,logic-and-pattern-puzzles,mental-math-memory-games,unknown,unknown,unknown,editorial selection — not observed in the Autocomplete sample,which one does not belong; odd word out; odd number out puzzle; categorisation puzzle; why odd one out has multiple answers,why does an odd one out puzzle have more than one answer; how do you solve odd one out number puzzles; what dimensions should i test in an odd one out; how are odd one out questions written
B,offline brain training app,https://reigncreativellc.com/blog/offline-brain-training-apps/,commercial,education-brain,brain-training-games,mental-math-memory-games,unknown,unknown,unknown,editorial selection — not observed in the Autocomplete sample,brain games no wifi; offline math game android; does brain training work offline; brain training app without internet; airplane mode practice,do brain training streaks work offline; does adaptive difficulty need internet; brain training app that works on a plane; what stops working when a practice app is offline
C,what were the opium wars about,https://reigncreativellc.com/blog/opium-wars-and-unequal-treaties/,informational,education-brain,major-historical-events,world-history-timeline-sim,unknown,unknown,unknown,editorial selection — not observed in the Autocomplete sample,first opium war causes; treaty of nanking explained; unequal treaties china; why did britain sell opium to china; second opium war summary,why did britain go to war with china over opium; what did the treaty of nanking say; how did britain get hong kong; what were the unequal treaties
C,how did the ottoman empire rise and fall,https://reigncreativellc.com/blog/ottoman-empire-rise-and-decline/,informational,education-brain,civilizations-and-empires,world-history-timeline-sim,unknown,unknown,unknown,editorial selection — not observed in the Autocomplete sample,ottoman empire timeline; how the ottomans took constantinople; ottoman millet system; tanzimat reforms explained; when did the ottoman empire end; bursa first ottoman capital,what was the first ottoman capital; who conquered constantinople in 1453; how big was the ottoman empire; what ended the ottoman empire
B,paired associate learning,https://reigncreativellc.com/blog/paired-associate-learning/,informational,education-brain,memory-and-attention,mental-math-memory-games,unknown,unknown,unknown,editorial selection — not observed in the Autocomplete sample,paired associate task; associative memory explained; learning pairs of items; cue target learning; why pairs are harder than lists,what is a paired associate task; why are arbitrary pairs hard to memorise; how do you learn vocabulary pairs faster; difference between recognising a pair and recalling it
C,what happened during the partition of india,https://reigncreativellc.com/blog/partition-of-india-1947/,informational,education-brain,major-historical-events,world-history-timeline-sim,unknown,unknown,unknown,editorial selection — not observed in the Autocomplete sample,partition of india 1947 explained; radcliffe line; why was india partitioned; partition refugees numbers; bengal and punjab partition,how many people died in the partition of india; when was the radcliffe line announced; what did the indian independence act 1947 say; how many people were displaced by partition
B,percentile vs standard score,https://reigncreativellc.com/blog/percentiles-and-standard-scores/,informational,education-brain,iq-tests-and-reasoning,mental-math-memory-games,unknown,unknown,unknown,editorial selection — not observed in the Autocomplete sample,what is a percentile rank; percentile vs percentage; scaled score meaning; confidence interval on a test score; standard error of measurement,difference between percentile and percentage; how do you convert a standard score to a percentile; what does the 90th percentile mean on a test; why does a test report a score range
C,what is periodisation in history,https://reigncreativellc.com/blog/periodisation-in-history-explained/,informational,education-brain,world-history-timelines,world-history-timeline-sim,unknown,unknown,unknown,editorial selection — not observed in the Autocomplete sample,how do historians divide history into periods; how is history divided into periods; why periodisation matters; problems with historical periodisation; who invented the middle ages; historical period boundaries,why do historians disagree about when the middle ages ended; is the renaissance a real historical period; what is wrong with ancient medieval modern; how should world history be divided into periods
A,how to photograph cards for centering,https://reigncreativellc.com/blog/photographing-cards-for-centring/,informational,video-utility,—,tcg-card-grading-scanner,unknown,unknown,unknown,editorial selection — not observed in the Autocomplete sample,card centring photo setup; photographing trading cards; card border measurement; avoiding glare on cards; camera angle card measurement; card scanning lighting,why does my card centring measurement keep changing; how to avoid glare when photographing holo cards; does camera angle affect card centering; should i photograph the back of the card too
A,picture in picture not working android,https://reigncreativellc.com/blog/picture-in-picture-on-android/,informational,video-utility,—,regal-video-player,unknown,unknown,unknown,editorial selection — not observed in the Autocomplete sample,android pip support; floating video window android; allow picture-in-picture setting; why is pip greyed out; android 8 picture in picture; pip not available on my phone,why does picture in picture not work on my phone; how do i turn on picture in picture for an app; which android versions support picture in picture; does picture in picture work on every device
A,does height matter in basketball career mode,https://reigncreativellc.com/blog/player-body-metrics-in-career-sims/,informational,sports-gm,—,pro-basketball-my-career-sim,unknown,unknown,unknown,editorial selection — not observed in the Autocomplete sample,basketball career sim wingspan; best build basketball career mode; height and position basketball; career sim character creation; body metrics sports game,does wingspan do anything in a basketball career game; what height should i make my career mode player; how do sports sims use body measurements; should i make a tall guard or a short forward
A,how to play big points in tennis,https://reigncreativellc.com/blog/playing-the-big-points-in-tennis/,informational,sports-gm,—,tennis-career-sim,unknown,unknown,unknown,editorial selection — not observed in the Autocomplete sample,break point strategy; second serve on break point; tennis pressure points; 30-40 tactics; clutch points tennis,which points matter most in a tennis game; should you go for a second serve on break point; how do players handle break points; what is a big point in tennis
C,how did polynesians navigate the pacific,https://reigncreativellc.com/blog/polynesian-voyaging-and-pacific-settlement/,informational,education-brain,major-historical-events,world-history-timeline-sim,unknown,unknown,unknown,editorial selection — not observed in the Autocomplete sample,polynesian wayfinding explained; lapita culture; when was hawaii settled; how did maori reach new zealand; double hulled canoe design; star compass navigation,how did polynesians find islands without instruments; when were the pacific islands settled; what is a star compass; was polynesian settlement accidental drift
A,press conferences in football career mode,https://reigncreativellc.com/blog/press-conferences-in-career-mode/,informational,sports-gm,—,soccer-career-sim-xi,unknown,unknown,unknown,editorial selection — not observed in the Autocomplete sample,media in soccer career sim; reputation football career game; rivalries career mode; endorsements in career mode; how to answer press questions career mode,do press conferences matter in a football career game; what does the media layer do in a career sim; why do footballers have to attend press conferences; how should i answer media questions in career mode
C,printing press impact on society,https://reigncreativellc.com/blog/printing-press-impact-explained/,informational,education-brain,major-historical-events,world-history-timeline-sim,unknown,unknown,unknown,observed in Google Autocomplete 2026-09-21 (US/en),gutenberg printing press history; woodblock printing china; jikji korean movable type; how did printing change europe; printing and the reformation; history of the book,who invented movable type first; what did the printing press actually change; why did printing spread faster in europe; what is the oldest book printed with metal type
C,who was queen nzinga,https://reigncreativellc.com/blog/queen-nzinga-of-ndongo-and-matamba/,informational,education-brain,historical-people,world-history-timeline-sim,unknown,unknown,unknown,editorial selection — not observed in the Autocomplete sample,njinga of angola history; nzinga and the portuguese; ndongo and matamba kingdoms; nzinga slave trade diplomacy; queen njinga mbande; seventeenth century west central africa,what did queen nzinga actually do; what sources tell us about njinga; was nzinga involved in the slave trade; why is nzinga important in angola
C,did easter island collapse from deforestation,https://reigncreativellc.com/blog/rapa-nui-and-the-collapse-myth/,informational,education-brain,civilizations-and-empires,world-history-timeline-sim,unknown,unknown,unknown,editorial selection — not observed in the Autocomplete sample,easter island collapse theory; what happened to the rapa nui people; who built the moai; easter island population history; ecocide theory criticism,is the easter island collapse story true; when was rapa nui settled; did rapa nui people reach south america; what really reduced the rapa nui population
B,ratio and proportion explained,https://reigncreativellc.com/blog/ratios-and-proportions-mentally/,informational,education-brain,mental-math,mental-math-memory-games,unknown,unknown,unknown,observed in Google Autocomplete 2026-09-21 (US/en),how to solve a proportion mentally; scaling a recipe; ratio vs fraction; unit rate explained; proportional reasoning,how do you scale a recipe up or down; how do you share an amount in a given ratio; what does a map scale of 1 to 25000 mean; why can't you add two ratios together
C,how to tell if a history app is accurate,https://reigncreativellc.com/blog/reading-a-history-dataset-critically/,informational,education-brain,history-learning-methods,world-history-timeline-sim,unknown,unknown,unknown,editorial selection — not observed in the Autocomplete sample,are history apps accurate; how to evaluate educational app content; history app fact checking; what to look for in a learning app; unsourced educational content,how do i know if an educational app is accurate; do history apps cite sources; what makes learning content trustworthy; how to check an app's historical claims
B,average vs median response time,https://reigncreativellc.com/blog/reading-response-time-numbers/,informational,education-brain,brain-training-games,mental-math-memory-games,unknown,unknown,unknown,editorial selection — not observed in the Autocomplete sample,median response time meaning; reaction time consistency; why is my average time misleading; response time variability; outliers in timing data,why is my average answer time higher than it feels; should i track average or median response time; what does fastest correct answer mean; why does my response time vary so much between sessions
A,shanghainese written in chinese characters,https://reigncreativellc.com/blog/reading-shanghainese-characters/,informational,language-learning,—,learn-shanghainese,unknown,unknown,unknown,editorial selection — not observed in the Autocomplete sample,can you write shanghainese; shanghainese characters and pronunciation; wu chinese writing; reading wu in characters; mandarin readings versus wu readings,how is shanghainese written down; why can i read shanghainese but not say it; does shanghainese have its own characters; do chinese characters have one pronunciation
B,recognition vs recall,https://reigncreativellc.com/blog/recognition-versus-recall/,informational,education-brain,memory-and-attention,mental-math-memory-games,unknown,unknown,unknown,editorial selection — not observed in the Autocomplete sample,recognition memory explained; recall vs recognition examples; multiple choice vs free response memory; why do i recognise but not recall; cued recall,why can i recognise an answer but not remember it; is multiple choice a good way to study; what is the difference between recognition and recall memory; does familiarity count as remembering
C,what are regnal years,https://reigncreativellc.com/blog/regnal-years-and-dynastic-dating/,informational,education-brain,world-history-timelines,world-history-timeline-sim,unknown,unknown,unknown,editorial selection — not observed in the Autocomplete sample,how did ancient egypt date years; japanese era names explained; how to convert a regnal year to a calendar year; what is a king list; dynastic dating explained,why do ancient documents say year 12 of the king; how reliable are ancient king lists; how do historians turn reigns into dates
B,test reliability and validity,https://reigncreativellc.com/blog/reliability-and-validity-in-testing/,informational,education-brain,iq-tests-and-reasoning,mental-math-memory-games,unknown,unknown,unknown,editorial selection — not observed in the Autocomplete sample,what is test reliability; what is test validity; test retest reliability; construct validity explained; is this test validated,how do i know if a test is validated; difference between reliability and validity; what is test retest reliability; what does a validated test mean
B,how to remember a long number,https://reigncreativellc.com/blog/remembering-a-long-number/,informational,education-brain,memory-and-attention,mental-math-memory-games,unknown,unknown,unknown,editorial selection — not observed in the Autocomplete sample,remember a 10 digit number; digit grouping strategy; rehearsal loop memory; how many digits can you remember; phone number memory trick,how do you hold a number in your head for thirty seconds; why do i forget a number as soon as someone talks to me; what size groups should i split a number into; does saying a number out loud help you remember it
A,why do draft pools change,https://reigncreativellc.com/blog/rotating-draft-pools-explained/,informational,sports-gm,—,rugby-draft-pro-league,unknown,unknown,unknown,editorial selection — not observed in the Autocomplete sample,rotating draft pool; randomised draft board; draft pool variation; how draft pools work; draft board strategy; positional scarcity in a draft,why is the draft board different every time; how to draft when the player pool changes; what is positional scarcity in a draft; is a rotating draft pool random
A,squad rotation in rugby management games,https://reigncreativellc.com/blog/rugby-squad-rotation-over-a-season/,informational,sports-gm,—,rugby-draft-pro-league,unknown,unknown,unknown,editorial selection — not observed in the Autocomplete sample,rugby squad rotation; rugby bench management; rugby squad depth; rugby gm season; managing a rugby season; rugby player rotation,how many replacements are allowed in rugby union; why do rugby clubs rotate their squad; how deep does a rugby bench need to be; what happens when a team runs out of front row players
B,russian peasant multiplication,https://reigncreativellc.com/blog/russian-peasant-multiplication/,informational,education-brain,mental-math,mental-math-memory-games,unknown,unknown,unknown,editorial selection — not observed in the Autocomplete sample,doubling and halving algorithm; egyptian multiplication; binary multiplication by hand; peasant multiplication explained; why does russian peasant work,why does russian peasant multiplication work; what happens to the remainders when you halve; how is russian peasant multiplication related to binary; how did ancient egyptians multiply
C,what happened in the russian revolution of 1917,https://reigncreativellc.com/blog/russian-revolutions-of-1917/,informational,education-brain,major-historical-events,world-history-timeline-sim,unknown,unknown,unknown,editorial selection — not observed in the Autocomplete sample,russian revolution timeline; february revolution explained; october revolution 1917; why did the tsar abdicate; bolsheviks take power,were there two russian revolutions in 1917; why is the october revolution in november; what was dual power in 1917; how did the bolsheviks take power
C,scholars of the islamic golden age,https://reigncreativellc.com/blog/scholars-of-the-islamic-golden-age/,informational,education-brain,historical-people,world-history-timeline-sim,unknown,unknown,unknown,editorial selection — not observed in the Autocomplete sample,al khwarizmi algebra; ibn sina canon of medicine; ibn khaldun muqaddimah; house of wisdom baghdad; islamic golden age achievements; ibn al haytham optics,what did al khwarizmi actually write; was the house of wisdom a real academy; why is the islamic golden age label disputed; what is in the canon of medicine; what did ibn khaldun argue in the muqaddimah
C,most influential scientists in history,https://reigncreativellc.com/blog/scientists-who-changed-the-record/,informational,education-brain,historical-people,world-history-timeline-sim,unknown,unknown,unknown,editorial selection — not observed in the Autocomplete sample,who discovered dna structure; rosalind franklin credit; how scientific credit is assigned; matilda effect in science; famous scientists and their discoveries; jocelyn bell burnell pulsars,why did rosalind franklin not get a nobel prize; who really discovered the structure of dna; can a nobel prize be awarded after death; what is the matilda effect; how many people can share a nobel prize
A,what happens at a scouting combine,https://reigncreativellc.com/blog/scouting-combine-drills-explained/,informational,sports-gm,—,football-career-sim,unknown,unknown,unknown,editorial selection — not observed in the Autocomplete sample,combine drills explained; 40 yard dash and draft stock; three cone drill; combine testing battery; pre draft evaluation,which combine drills matter most; does the 40 yard dash predict success; how long is the scouting combine; what else happens at the combine besides drills
C,what was the scramble for africa,https://reigncreativellc.com/blog/scramble-for-africa-explained/,informational,education-brain,major-historical-events,world-history-timeline-sim,unknown,unknown,unknown,editorial selection — not observed in the Autocomplete sample,berlin conference 1884; how was africa partitioned; colonial borders in africa; king leopold congo free state; african resistance to partition,did the berlin conference divide africa; what did the general act of 1885 say; what happened to the herero and nama; why are african borders straight lines
C,how many people died in world war 2,https://reigncreativellc.com/blog/second-world-war-death-toll-range/,informational,education-brain,major-historical-events,world-history-timeline-sim,unknown,unknown,unknown,editorial selection — not observed in the Autocomplete sample,world war 2 casualties by country; why ww2 death toll estimates differ; civilian deaths in ww2; how are war deaths counted; ww2 death toll range explained,why do ww2 death toll figures disagree; how are civilian war deaths counted; what is the soviet union death toll in ww2; how do historians estimate war deaths
B,sequence puzzles with multiple answers,https://reigncreativellc.com/blog/sequences-with-more-than-one-answer/,informational,education-brain,logic-and-pattern-puzzles,mental-math-memory-games,unknown,unknown,unknown,editorial selection — not observed in the Autocomplete sample,what comes next in the sequence answer; underdetermined sequence; is there only one answer to a sequence puzzle; ambiguous number series; simplest rule principle,why do sequence puzzles have more than one answer; can 1 2 4 8 16 be followed by 31; how do puzzle setters decide the correct answer
B,short term memory vs working memory,https://reigncreativellc.com/blog/short-term-versus-working-memory/,informational,education-brain,memory-and-attention,mental-math-memory-games,unknown,unknown,unknown,editorial selection — not observed in the Autocomplete sample,difference between short term and working memory; what is short term memory; storage vs processing memory; working memory model; how long is short term memory,is short term memory the same as working memory; what is the difference between storage and processing in memory; why do psychologists use two terms for the same thing; how long does short term memory last
B,how to simplify fractions quickly,https://reigncreativellc.com/blog/simplifying-fractions-quickly/,informational,education-brain,mental-math,mental-math-memory-games,unknown,unknown,unknown,editorial selection — not observed in the Autocomplete sample,reduce fractions fast; greatest common divisor mentally; fraction simplification order; lowest terms shortcut; cancel before you divide,what order should you cancel factors in a fraction; how do you know a fraction is fully simplified; how do you simplify a fraction without a calculator; how do you find a common factor quickly
A,cascading reels and expanding wilds,https://reigncreativellc.com/blog/slot-reel-mechanics-explained/,informational,anime-creative,—,anime-casino-slots,unknown,unknown,unknown,editorial selection — not observed in the Autocomplete sample,slot mechanics glossary; what is a roaming wild; what are cascading symbols; expanding reels slots; mini major grand jackpot meters,what does a wild symbol actually do; how do cascading symbols work; what is a split board in a slot game; what are mini major and grand meters
A,slot volatility explained,https://reigncreativellc.com/blog/slot-volatility-explained/,informational,anime-creative,—,anime-casino-slots,unknown,unknown,unknown,editorial selection — not observed in the Autocomplete sample,slot variance meaning; high volatility vs low volatility slots; volatility index slots; hit frequency slots; how slot payouts are distributed,what does high volatility mean on a slot machine; why do two slots with the same return feel different; how is slot volatility calculated; what is hit frequency in slots
A,social casino games explained,https://reigncreativellc.com/blog/social-casino-vs-real-money-gambling/,informational,anime-creative,—,anime-casino-slots,unknown,unknown,unknown,editorial selection — not observed in the Autocomplete sample,social casino vs gambling; are social casino games gambling; virtual coin slot games; simulated gambling apps; slot games with no real money,can you win real money on social casino apps; what makes something legally gambling; why are slot apps rated teen; do virtual coins have real value
A,space galaxy attack arcade vs hardcore,https://reigncreativellc.com/blog/space-galaxy-attack-arcade-vs-hardcore/,commercial,action-arcade,—,space-galaxy-attack-hardcore,unknown,unknown,unknown,editorial selection — not observed in the Autocomplete sample,which space galaxy attack game; arcade shooter vs hardcore shooter; vertical shooter comparison; space shooter with campaign; shooter with no in app purchases,what is the difference between the two space galaxy attack games; which space shooter should i install first; does the hardcore version have a campaign; which shooter has multiple ships
C,spaced repetition for history,https://reigncreativellc.com/blog/spaced-repetition-for-history-dates/,informational,education-brain,history-learning-methods,world-history-timeline-sim,unknown,unknown,unknown,editorial selection — not observed in the Autocomplete sample,how to use flashcards for history; spacing effect research; retrieval practice history; how many history flashcards per day; spaced repetition intervals explained,how to make history flashcards that work; what should be on a history flashcard; how long should the gap between reviews be; why do my history flashcards not help in essays
B,what is spatial reasoning,https://reigncreativellc.com/blog/spatial-reasoning-and-number-sense/,informational,education-brain,iq-tests-and-reasoning,mental-math-memory-games,unknown,unknown,unknown,editorial selection — not observed in the Autocomplete sample,spatial reasoning examples; mental rotation explained; spatial ability and maths; does maths practice improve spatial skills; visuospatial ability,is spatial reasoning the same as maths ability; how is spatial ability measured; does practising mental maths improve spatial skills; what is mental rotation
A,written cantonese vs standard chinese,https://reigncreativellc.com/blog/spoken-vs-written-cantonese/,informational,language-learning,—,learn-cantonese,unknown,unknown,unknown,editorial selection — not observed in the Autocomplete sample,is written cantonese a thing; standard written chinese in hong kong; colloquial cantonese characters; why cantonese is not written as spoken; traditional characters cantonese,why can i not find the cantonese sentence i said written anywhere; what characters are used only in cantonese; do hong kong newspapers write in cantonese; should a beginner learn written cantonese or standard written chinese
B,perfect square numbers trick,https://reigncreativellc.com/blog/squares-cubes-and-roots/,informational,education-brain,mental-math,mental-math-memory-games,unknown,unknown,unknown,observed in Google Autocomplete 2026-09-21 (US/en),square numbers to memorise; cubes 1 to 15; recognising perfect squares; square root without a calculator; last digit of a square,how do you find a square root without a calculator; which digits can a square number end in; how do you tell if a number is a perfect square; how do you find the cube root of a large number in your head
C,srivijaya and majapahit explained,https://reigncreativellc.com/blog/srivijaya-and-majapahit/,informational,education-brain,civilizations-and-empires,world-history-timeline-sim,unknown,unknown,unknown,editorial selection — not observed in the Autocomplete sample,srivijaya empire history; majapahit empire explained; what was srivijaya known for; indonesian kingdoms history; gajah mada majapahit,where was srivijaya located; why is there so little evidence for srivijaya; what happened to the majapahit empire; who built borobudur
B,reasoning test taking strategies,https://reigncreativellc.com/blog/strategy-for-timed-reasoning-tests/,informational,education-brain,iq-tests-and-reasoning,mental-math-memory-games,unknown,unknown,unknown,editorial selection — not observed in the Autocomplete sample,test taking strategies math; how to pace a timed test; should you guess on a test; negative marking strategy; time per question strategy,how many seconds per question on an aptitude test; should i guess if there is negative marking; when should i skip a question on a timed test; how to stop running out of time on tests
A,does player rating matter in squad building,https://reigncreativellc.com/blog/style-fit-vs-rating-in-squad-building/,informational,sports-gm,—,soccer-draft-gm-xi,unknown,unknown,unknown,editorial selection — not observed in the Autocomplete sample,position fit vs overall rating; how to balance a starting eleven; player style in soccer drafts; why highest rated team loses; squad balance explained; drafting a soccer xi,should i always draft the highest rated player; how do i know if my xi is balanced; what does position fit mean in a draft game; why does my high rated team keep drawing
B,subtraction without borrowing,https://reigncreativellc.com/blog/subtraction-without-borrowing/,informational,education-brain,mental-math,mental-math-memory-games,unknown,unknown,unknown,editorial selection — not observed in the Autocomplete sample,avoid borrowing subtraction; equal addition subtraction; borrowing shortcut; subtraction regrouping alternative; why sliding both numbers works,how to subtract without borrowing; why can you add the same number to both sides of a subtraction; what is the equal addition method; how to subtract from a number ending in zeros
C,what was the first city in the world,https://reigncreativellc.com/blog/sumer-and-the-first-cities/,informational,education-brain,civilizations-and-empires,world-history-timeline-sim,unknown,unknown,unknown,editorial selection — not observed in the Autocomplete sample,first civilization in the world; uruk ancient city; when did cities first appear; sumerian civilization explained; what made a settlement a city; oldest city in the americas,was uruk the first city in the world; is catalhoyuk a city or a village; when did urban life begin in mesopotamia; how do archaeologists define a city
C,what were the swahili city states,https://reigncreativellc.com/blog/swahili-coast-city-states/,informational,education-brain,civilizations-and-empires,world-history-timeline-sim,unknown,unknown,unknown,editorial selection — not observed in the Autocomplete sample,kilwa kisiwani history; swahili coast trade; who were the swahili people; lamu old town history; stone town zanzibar history; indian ocean trade east africa,were the swahili arab or african; what did the swahili coast trade; when did kilwa mint coins; why did the swahili city states decline
B,syllogism examples,https://reigncreativellc.com/blog/syllogisms-explained/,informational,education-brain,logic-and-pattern-puzzles,mental-math-memory-games,unknown,unknown,unknown,observed in Google Autocomplete 2026-09-21 (US/en),syllogism examples with answers; categorical syllogism; all some none logic; venn diagram syllogism; invalid syllogism examples,how do you test a syllogism with circles; what are the four categorical statement forms; why is undistributed middle invalid; can you infer some from all
C,what were the tang and song dynasties known for,https://reigncreativellc.com/blog/tang-and-song-china-explained/,informational,education-brain,civilizations-and-empires,world-history-timeline-sim,unknown,unknown,unknown,editorial selection — not observed in the Autocomplete sample,tang dynasty achievements; song dynasty inventions; chinese examination system; song dynasty economy; difference between tang and song,when did the tang dynasty start and end; who invented paper money; why did movable type not catch on in china; what was the song economic revolution
A,what does a tennis coach do,https://reigncreativellc.com/blog/tennis-coaching-teams-explained/,informational,sports-gm,—,tennis-career-sim,unknown,unknown,unknown,editorial selection — not observed in the Autocomplete sample,on court coaching rules; off court coaching tennis; tennis support team; tennis coach education; hiring a tennis coach,is coaching allowed during a tennis match; who is in a professional tennis player's team; what is off court coaching in tennis; can a coach talk to a player between points
A,glow and gradient coloring effects,https://reigncreativellc.com/blog/texture-palettes-in-coloring-apps/,informational,anime-creative,—,anime-coloring-book,unknown,unknown,unknown,editorial selection — not observed in the Autocomplete sample,textured colour palettes; what is a gradient fill; mosaic effect in art; chalk texture digital coloring; glass effect colouring; how many textures in one picture,what does a glow palette do in a coloring app; when should i use a gradient instead of a flat colour; why does my picture look busy with textures; difference between a colour set and a texture style
C,umayyad vs abbasid caliphate,https://reigncreativellc.com/blog/the-early-caliphates/,informational,education-brain,civilizations-and-empires,world-history-timeline-sim,unknown,unknown,unknown,editorial selection — not observed in the Autocomplete sample,difference between umayyad and abbasid; fatimid caliphate explained; abbasid baghdad history; how did the abbasids take power; early islamic empires timeline; samarra abbasid capital,which caliphate came first; where was the abbasid capital; when was cairo founded; why were there two caliphates at once
A,how to get better at timed quizzes,https://reigncreativellc.com/blog/timed-and-survival-quiz-modes/,informational,anime-creative,—,anime-trivia-word-games,unknown,unknown,unknown,editorial selection — not observed in the Autocomplete sample,survival quiz mode strategy; when to guess on a quiz; speed accuracy tradeoff; quiz pacing technique; multiple choice elimination; trivia streak tips,should i guess or skip in a timed quiz; how do i stop losing survival mode on the first hard question; why do i get more wrong when i answer faster; how to improve at trivia between sessions
B,times tables memorization,https://reigncreativellc.com/blog/times-tables-memorisation/,informational,education-brain,mental-math,mental-math-memory-games,unknown,unknown,unknown,observed in Google Autocomplete 2026-09-21 (US/en),multiplication tables memorization techniques; times table memorization tricks; how to learn times tables as an adult; retrieval vs calculation; math fact fluency,how to learn times tables as an adult; how many times tables facts are there really; does knowing times tables help with mental maths; should times tables practice be timed
A,how do golfers qualify for tournaments,https://reigncreativellc.com/blog/tour-eligibility-and-schedules/,informational,sports-gm,—,golf-career-simulator,unknown,unknown,unknown,editorial selection — not observed in the Autocomplete sample,golf exemption categories; official world golf ranking explained; final qualifying golf; how tour status works; golf schedule planning; ranking points decay,how does the official world golf ranking work; what is an exemption in golf; why does playing more events lower my ranking; how do you get into a major championship
C,who was toussaint louverture,https://reigncreativellc.com/blog/toussaint-louverture-and-the-haitian-generals/,informational,education-brain,historical-people,world-history-timeline-sim,unknown,unknown,unknown,editorial selection — not observed in the Autocomplete sample,toussaint louverture biography; dessalines haiti independence; henri christophe; how did toussaint die; haitian revolution leaders; 1801 constitution saint domingue,did toussaint louverture see haiti become independent; who declared haitian independence in 1804; was toussaint louverture ever a slave owner; why did france imprison toussaint louverture; what was the 1825 indemnity haiti paid france
A,tower defense camera controls,https://reigncreativellc.com/blog/tower-defense-camera-controls/,informational,action-arcade,—,regal-tower-defense,unknown,unknown,unknown,editorial selection — not observed in the Autocomplete sample,camera presets in games; pinch to zoom mobile games; follow camera mode; mobile strategy game controls; tower defence zoom; touch controls strategy games,how to zoom out in a tower defense game; what does follow mode do in a strategy game; why do i keep tapping the wrong tower; how to save a camera position in a mobile game
A,how to learn to write khmer,https://reigncreativellc.com/blog/tracing-practice-for-new-scripts/,informational,language-learning,—,learn-cambodian-khmer,unknown,unknown,unknown,editorial selection — not observed in the Autocomplete sample,khmer handwriting practice; tracing letters to learn a script; khmer stroke order; learning to write a new alphabet; does tracing help you learn letters; khmer subscript consonants writing,is tracing a good way to learn a new alphabet; how do i practise writing khmer letters; why do khmer vowels appear before the consonant; how long does it take to write khmer by hand
C,leaders of independence movements,https://reigncreativellc.com/blog/twentieth-century-liberation-leaders/,informational,education-brain,historical-people,world-history-timeline-sim,unknown,unknown,unknown,editorial selection — not observed in the Autocomplete sample,gandhi independence movement; kwame nkrumah ghana; ho chi minh biography; nelson mandela anti apartheid; sukarno indonesia independence; decolonisation leaders compared,how did independence movements differ from each other; why did some independence movements use armed struggle; when did ghana become independent; what was the bandung conference; how many countries became independent after 1945
A,two minute drill clock management,https://reigncreativellc.com/blog/two-minute-clock-management/,informational,sports-gm,—,football-career-sim,unknown,unknown,unknown,editorial selection — not observed in the Autocomplete sample,when does the football clock stop; ten second runoff rule; spiking the ball to stop the clock; timeouts per half football; end of half strategy football,how many timeouts does a team get per half; does going out of bounds stop the clock; how long does it take to spike the ball; why do teams throw the ball away at the end of a half
A,which attributes to upgrade hockey career,https://reigncreativellc.com/blog/underrated-attributes-in-hockey-career-mode/,informational,sports-gm,—,hockey-career-sim,unknown,unknown,unknown,editorial selection — not observed in the Autocomplete sample,hockey career mode training priority; stamina in hockey career sim; positioning attribute hockey game; hockey attribute upgrade order; how to spend training points hockey sim,what attributes should i upgrade first in a hockey career sim; does stamina matter in a hockey career mode; why does my player fade in the third period; is positioning worth upgrading in a hockey game
B,how to compare unit prices,https://reigncreativellc.com/blog/unit-price-comparison/,informational,education-brain,mental-math,mental-math-memory-games,unknown,unknown,unknown,editorial selection — not observed in the Autocomplete sample,unit pricing explained; price per ounce comparison; is the bigger size cheaper; shelf label unit price; cost per unit maths,how do you work out which pack size is better value; is the bigger pack always cheaper per unit; how do you compare price per 100g in your head; what is a unit price label
C,how to use alternate history for learning,https://reigncreativellc.com/blog/using-what-if-scenarios-to-learn-history/,informational,education-brain,history-learning-methods,world-history-timeline-sim,unknown,unknown,unknown,editorial selection — not observed in the Autocomplete sample,are what if scenarios useful for learning history; counterfactual reasoning in history teaching; alternate history scenarios examples; how to think about historical contingency; what if scenarios classroom,how do you use counterfactuals without misleading yourself; are alternate history games educational; how to test whether a cause really mattered; why historians distrust what if questions
B,verbal reasoning question types,https://reigncreativellc.com/blog/verbal-reasoning-question-types/,informational,education-brain,iq-tests-and-reasoning,mental-math-memory-games,unknown,unknown,unknown,editorial selection — not observed in the Autocomplete sample,verbal reasoning examples; analogies vocabulary test; true false cannot say; sentence completion test; critical reasoning verbal,what is cannot say in a verbal reasoning test; difference between text completion and sentence equivalence; what do verbal reasoning tests measure; how many questions are in a verbal reasoning test
B,visual pattern puzzles,https://reigncreativellc.com/blog/visual-pattern-puzzles/,informational,education-brain,logic-and-pattern-puzzles,mental-math-memory-games,unknown,unknown,unknown,observed in Google Autocomplete 2026-09-21 (US/en),visual pattern recognition puzzles; how to develop pattern recognition; shape sequence puzzles; visual puzzle types; rotation reflection translation pattern,how do you tell a rotation from a reflection; what transformations appear in shape sequence puzzles; how to describe what is changing in a visual pattern; why are some visual patterns harder to spot
B,brain warm up before studying,https://reigncreativellc.com/blog/warming-up-before-focused-work/,informational,education-brain,brain-training-games,mental-math-memory-games,unknown,unknown,unknown,editorial selection — not observed in the Autocomplete sample,warm up before studying; how to get into focus mode; study start routine; task initiation routine; pre study routine,what to do in the five minutes before studying; how to stop putting off starting work; does a warm up help you concentrate; short routine before focused work
C,major west african kingdoms explained,https://reigncreativellc.com/blog/west-and-central-african-kingdoms/,informational,education-brain,civilizations-and-empires,world-history-timeline-sim,unknown,unknown,unknown,editorial selection — not observed in the Autocomplete sample,kingdom of benin history; oyo empire explained; kingdom of kongo; asante empire; sokoto caliphate explained; benin bronzes restitution,what happened to the kingdom of benin; why are the benin bronzes in europe; how big was old oyo; was the kingdom of kongo christian
B,what is a brain age test,https://reigncreativellc.com/blog/what-a-brain-age-score-means/,informational,education-brain,iq-tests-and-reasoning,mental-math-memory-games,unknown,unknown,unknown,editorial selection — not observed in the Autocomplete sample,brain age score meaning; is brain age real; cognitive age estimate; brain training age score; brain age game accuracy,is a brain age score accurate; how is brain age calculated in an app; what does brain age 32 mean; difference between brain age and cognitive age
B,free vs paid brain training app,https://reigncreativellc.com/blog/what-a-brain-training-subscription-buys/,commercial,education-brain,brain-training-games,mental-math-memory-games,unknown,unknown,unknown,editorial selection — not observed in the Autocomplete sample,brain training apps without subscription; free brain training app android; what does a brain training subscription include; paywalled brain games; free tier limits,is a brain training subscription worth it; what do you get when you pay for a brain training app; how do i cancel a brain training subscription; which brain training apps are free to use
A,recipe app allergy warnings,https://reigncreativellc.com/blog/what-allergy-flags-in-recipe-apps-miss/,informational,health-nutrition,—,easy-recipes-meal-planner,unknown,unknown,unknown,editorial selection — not observed in the Autocomplete sample,allergen flag recipe app; ingredient allergy alert; allergy filter cooking app; how recipe apps detect allergens; cross-contact and recipe apps,can a recipe app detect allergens; why did my recipe app miss an allergen; do allergy filters in cooking apps work; what does a may contain label mean
B,what do iq tests measure,https://reigncreativellc.com/blog/what-iq-tests-actually-measure/,informational,education-brain,iq-tests-and-reasoning,mental-math-memory-games,unknown,unknown,unknown,editorial selection — not observed in the Autocomplete sample,what is iq; iq test components; iq test domains; what does an iq test tell you; g factor explained,what do iq tests actually measure; what is on an iq test; what does an iq score really mean; do iq tests measure creativity
C,what is late antiquity,https://reigncreativellc.com/blog/what-late-antiquity-means/,informational,education-brain,world-history-timelines,world-history-timeline-sim,unknown,unknown,unknown,editorial selection — not observed in the Autocomplete sample,late antiquity period dates; when did late antiquity begin and end; late antique world explained; difference between late antiquity and the middle ages,why did historians invent late antiquity; was late antiquity a decline or a transformation; what countries does late antiquity cover
C,what makes an event a turning point in history,https://reigncreativellc.com/blog/what-makes-an-event-a-turning-point/,informational,education-brain,world-history-timelines,world-history-timeline-sim,unknown,unknown,unknown,editorial selection — not observed in the Autocomplete sample,turning points in history meaning; examples of turning points in history; how historians identify turning points; is 1453 a turning point; why turning points are argued about; historical significance criteria,how do you argue that an event was a turning point; difference between a significant event and a turning point; did people at the time know it was a turning point; why do historians disagree about turning points
B,what is processing speed,https://reigncreativellc.com/blog/what-processing-speed-means/,informational,education-brain,memory-and-attention,mental-math-memory-games,unknown,unknown,unknown,editorial selection — not observed in the Autocomplete sample,how to improve processing speed; processing speed explained; reaction time vs processing speed; slow processing speed meaning; symbol search task,what does processing speed mean in psychology; is reaction time the same as processing speed; why is my average response time misleading; can you improve your processing speed
C,causes of world war 1,https://reigncreativellc.com/blog/what-started-the-first-world-war/,informational,education-brain,major-historical-events,world-history-timeline-sim,unknown,unknown,unknown,observed in Google Autocomplete 2026-09-21 (US/en),july crisis 1914; how did ww1 start; alliance system before ww1; was germany responsible for ww1; assassination of franz ferdinand,what was the trigger for world war 1; why did the alliance system matter in 1914; who was to blame for world war 1; what was the war guilt clause
B,what is the average iq score,https://reigncreativellc.com/blog/what-the-average-iq-score-means/,informational,education-brain,iq-tests-and-reasoning,mental-math-memory-games,unknown,unknown,unknown,editorial selection — not observed in the Autocomplete sample,average iq score by age; is 100 iq average; iq test average; why is iq centred on 100; renorming explained,why is the average iq always 100; what does an average iq mean; does the average iq change over time; what is renorming on an iq test
C,what was happening in china during the roman empire,https://reigncreativellc.com/blog/what-was-happening-elsewhere-when-rome-ruled/,informational,education-brain,world-history-timelines,world-history-timeline-sim,unknown,unknown,unknown,observed in Google Autocomplete 2026-09-21 (US/en),what dynasty was china in during the roman empire; parallel timelines world history; what existed at the same time as ancient rome; teotihuacan and rome; aksum and rome,what was happening in the americas during the roman empire; which civilisations existed at the same time as rome; what was africa like during the roman empire
C,what to do when historical sources disagree,https://reigncreativellc.com/blog/when-two-sources-disagree-on-a-date/,informational,education-brain,history-learning-methods,world-history-timeline-sim,unknown,unknown,unknown,editorial selection — not observed in the Autocomplete sample,why do history books give different dates; conflicting historical dates; how to resolve a date discrepancy; old style new style dates; which source should i trust,why do two books give different years for the same event; what does old style mean in a date; why does a war have two end dates; how do i check a date i found online
A,where is marathi spoken,https://reigncreativellc.com/blog/where-marathi-is-spoken/,informational,language-learning,—,learn-marathi,unknown,unknown,unknown,editorial selection — not observed in the Autocomplete sample,marathi speaking states; is marathi an official language; marathi in mumbai and pune; marathi classical language status; should i learn marathi,is marathi worth learning for travel; do people in mumbai speak marathi; which indian state speaks marathi; is marathi a scheduled language
C,who built the great monuments of the world,https://reigncreativellc.com/blog/who-built-the-great-monuments/,informational,education-brain,historical-people,world-history-timeline-sim,unknown,unknown,unknown,editorial selection — not observed in the Autocomplete sample,who designed hagia sophia; who built the taj mahal; angkor wat architect; who built the pyramids; how do we know who built ancient buildings,how do historians know who designed a building; were the pyramids built by slaves; who was the architect of the selimiye mosque; what is a foundation inscription
B,who invented the iq test,https://reigncreativellc.com/blog/who-invented-the-iq-test/,informational,education-brain,iq-tests-and-reasoning,mental-math-memory-games,unknown,unknown,unknown,editorial selection — not observed in the Autocomplete sample,iq test inventor; binet simon scale; history of intelligence testing; stanford binet history; army alpha test,when was the first iq test created; why was the iq test invented; who created the first intelligence test; what was the binet simon scale used for
B,why am i slow at mental math,https://reigncreativellc.com/blog/why-am-i-slow-at-mental-math/,informational,education-brain,mental-math,mental-math-memory-games,unknown,unknown,unknown,observed in Google Autocomplete 2026-09-21 (US/en),why am i bad at mental math; why do i struggle with mental math; slow arithmetic causes; math facts not automatic; working memory and arithmetic,why does mental arithmetic take me so long; how do i know if i am guessing or calculating; why do multi step sums fall apart in my head
A,why do card prices differ between apps,https://reigncreativellc.com/blog/why-card-price-estimates-disagree/,informational,video-utility,—,tcg-card-grading-scanner,unknown,unknown,unknown,editorial selection — not observed in the Autocomplete sample,card value estimate; trading card market value; card price data sources; fair market value collectibles; card pricing accuracy; comparable sales collectibles,why is my card worth different amounts on different sites; what is a card value estimate based on; is an app value an appraisal; how much does printing variant change a card price
C,why did civilizations collapse,https://reigncreativellc.com/blog/why-civilizations-collapse/,informational,education-brain,major-historical-events,world-history-timeline-sim,unknown,unknown,unknown,observed in Google Autocomplete 2026-09-21 (US/en),theories of societal collapse; did the maya really collapse; collapse vs transformation history; climate change and ancient collapse; what happens after a civilization falls; societal resilience archaeology,what does collapse actually mean in archaeology; did the maya civilization disappear; how do archaeologists link drought to collapse; why do historians dislike the word collapse
B,why divisibility rules work,https://reigncreativellc.com/blog/why-divisibility-rules-work/,informational,education-brain,mental-math,mental-math-memory-games,unknown,unknown,unknown,editorial selection — not observed in the Autocomplete sample,divisibility rules explained; divisibility rule for 3 proof; digit sum rule; why does the 9 rule work; divisibility by 11 rule,why does adding the digits test divisibility by 3; why do only the last two digits matter for 4; why is the rule for 3 the same as the rule for 9; why does 11 use an alternating sum
C,why do historical eras overlap,https://reigncreativellc.com/blog/why-historical-eras-overlap/,informational,education-brain,world-history-timelines,world-history-timeline-sim,unknown,unknown,unknown,editorial selection — not observed in the Autocomplete sample,do historical periods overlap; when does the medieval period start; why historians disagree about eras; overlapping historical periods; why is there no exact end of ancient history,can one year belong to two historical eras; why do two books give different dates for the middle ages; are historical period boundaries real
C,why is history important to study,https://reigncreativellc.com/blog/why-is-history-important-to-study/,informational,education-brain,history-learning-methods,world-history-timeline-sim,unknown,unknown,unknown,observed in Google Autocomplete 2026-09-21 (US/en),why is history important; what do you learn from studying history; is history a useful subject; what skills does history teach; why study history at university,what is the point of studying history; what skills do history graduates have; does history repeat itself; is a history degree useful
A,why do meal plans fail,https://reigncreativellc.com/blog/why-meal-plans-fail-midweek/,informational,health-nutrition,—,easy-recipes-meal-planner,unknown,unknown,unknown,editorial selection — not observed in the Autocomplete sample,meal plan falls apart; sticking to a meal plan; weekly meal plan problems; meal planning mistakes; midweek cooking; realistic meal planning,why can i never stick to a meal plan; how to make a meal plan you will actually follow; what to do when the meal plan goes wrong; how many meals should a weekly plan cover
B,why has my progress plateaued,https://reigncreativellc.com/blog/why-practice-progress-plateaus/,informational,education-brain,brain-training-games,mental-math-memory-games,unknown,unknown,unknown,editorial selection — not observed in the Autocomplete sample,practice plateau explained; progress stopped improving; learning curve flattening; when to increase difficulty; stuck at the same score,why has my mental math score stopped going up; what to do when practice stops working; when should i increase the difficulty; is a plateau a sign i should stop practising
C,causes of the industrial revolution,https://reigncreativellc.com/blog/why-the-industrial-revolution-started-in-britain/,informational,education-brain,major-historical-events,world-history-timeline-sim,unknown,unknown,unknown,observed in Google Autocomplete 2026-09-21 (US/en),why did the industrial revolution start in britain; industrial revolution timeline; steam engine and industrialisation; how industrialisation spread to other countries; enclosure and the industrial revolution; great divergence debate,why britain first industrial revolution; how did industrialisation spread to europe and japan; what role did slavery play in british industrialisation; what was the great divergence
C,women rulers in history,https://reigncreativellc.com/blog/women-who-ruled-empires/,informational,education-brain,historical-people,world-history-timeline-sim,unknown,unknown,unknown,editorial selection — not observed in the Autocomplete sample,famous female rulers; queens who ruled in their own right; hatshepsut pharaoh; empress wu zetian; why were female rulers written out; female sovereigns comparison,which women ruled in their own right; why were female rulers erased from the record; what is the difference between a queen regnant and a queen consort; who was the only female emperor of china
B,working backwards math problems,https://reigncreativellc.com/blog/working-backwards-problems/,informational,education-brain,logic-and-pattern-puzzles,mental-math-memory-games,unknown,unknown,unknown,editorial selection — not observed in the Autocomplete sample,reverse calculation problems; think of a number puzzles; backward induction puzzle; undo the steps problem; problem solving strategy working backwards,how do you solve a think of a number puzzle; why do you reverse the order when undoing steps; how to find the original price after two changes; what is backward induction in a counter game
A,how to beat tower defense boss waves,https://reigncreativellc.com/blog/world-boss-waves-in-tower-defense/,informational,action-arcade,—,regal-tower-defense,unknown,unknown,unknown,editorial selection — not observed in the Autocomplete sample,world boss tower defense; tower defence late waves; mixed enemy waves; rearranging towers; tower defence boss strategy; elite units tower defense,why do i lose on the boss wave in tower defense; should i add more towers before a boss; how to handle armoured flying and elite units together; what changes on the last wave of a tower defence level
C,who was wu zetian,https://reigncreativellc.com/blog/wu-zetian-and-hostile-sources/,informational,education-brain,historical-people,world-history-timeline-sim,unknown,unknown,unknown,editorial selection — not observed in the Autocomplete sample,wu zetian empress of china; was wu zetian a good ruler; wu zetian achievements; zhou dynasty wu zetian; how reliable are tang histories; china only female emperor,why is wu zetian portrayed so badly; which sources describe wu zetian; did wu zetian kill her own daughter; how did wu zetian become emperor; what happened to the zhou dynasty of wu zetian
C,why did china stop the zheng he voyages,https://reigncreativellc.com/blog/zheng-he-treasure-voyages/,informational,education-brain,historical-people,world-history-timeline-sim,unknown,unknown,unknown,editorial selection — not observed in the Autocomplete sample,zheng he treasure fleet size; ming dynasty voyages; zheng he route; what did zheng he bring back; ming maritime ban; treasure ship dimensions,how big were zheng he's treasure ships really; why did the ming abandon the indian ocean; did zheng he reach africa; who was zheng he; what evidence survives for the treasure voyages
